"29aa4abad16e0e75","7916 Williamson Rd NW, Roanoke, VA, 24020","Match","Non_Exact","7916 WILLIAMSON RD, ROANOKE, VA, 24019","-79.940478056701,37.35181020649","212551553","L"
"436fa6f809cf083b","645 Patriot Avenue, Martinsville, VA, 24112","Match","Exact","645 PATRIOT AVE, MARTINSVILLE, VA, 24112","-79.871250114521,36.737321059796","55538363","L"
"b2cb3f0b85ae9cb6","313 East Broad Street, Richmond, VA, 23219","Match","Exact","313 E BROAD ST, RICHMOND, VA, 23219","-77.439186066821,37.543831598576","201540397","R"
"3474d72cb0a72b27","319 Letcher Avenue, Lexington, VA, 24450","Match","Exact","319 LETCHER AVE, LEXINGTON, VA, 24450","-79.439647307086,37.788869696863","63117532","R"
"58e8ebeb6d04b12f","7502 Justice Drive, Gloucester, VA, 23061","Match","Exact","7502 JUSTICE DR, GLOUCESTER, VA, 23061","-76.528512796175,37.417782769915","638829093","L"
"06f74a4d56c8f79b","1651 East Parham Road, Richmond, VA, 23228-2327","Match","Non_Exact","1651 E PARHAM RD, RICHMOND, VA, 23228","-77.472540485042,37.63875849446","106689125","L"
"038a32222d40597e","Hampton Roads Center - North Campus, Hampton, VA, 23666","No_Match"
"6068d03350fbce57","491 Airport Road, Winchester, VA, 22602","Match","Exact","491 AIRPORT RD, WINCHESTER, VA, 22602","-78.147486586828,39.141682001193","55587585","R"
"8e4bb739179e291c","14585 Avion Parkway, Chantilly, VA, 20151","Match","Exact","14585 AVION PKWY, CHANTILLY, VA, 20151","-77.449234331546,38.905715659329","641117549","R"
"58fe2290bdac7a58","241 18th Street South, Suite 650, Arlington, VA, 22202","Match","Exact","241 18TH ST S, ARLINGTON, VA, 22202","-77.050001674251,38.857634187865","651560505","R"
"b0226f106fccd28b","182 Progress Way NE, Norton, VA, 24273","No_Match"
"a087eb3f92e9bfbd","2829 Guardian Lane, Suite 150, Virginia Beach, VA, 23452","Match","Exact","2829 GUARDIAN LN, VIRGINIA BEACH, VA, 23452","-76.070988904193,36.825651079026","122269269","L"
"8c09edf80b8c8c7a","2143 Richmond Highway, Stafford, VA, 22554","No_Match"
"1bf4c8cd7b9fcf3d","1 Hayden Drive, Petersburg, VA, 23806","Match","Non_Exact","1 HAYDEN ST, PETERSBURG, VA, 23806","-77.420075901201,37.234834863746","643011966","L"
"15cf1d63dd0f7f86","4400 University Dr, Fairfax, VA, 22030-4444","Match","Non_Exact","4400 UNIVERSITY DR, FAIRFAX, VA, 22030","-77.304407730733,38.834398952534","639527753","R"
"134fc156242ee57d","5391 C. V. Jackson Road, Dublin, VA, 24084","Match","Exact","5391 C V JACKSON RD, DUBLIN, VA, 24084","-80.68228675042,37.138730433944","47005459","R"
"90059e1733a0ac4b","12355 Sunrise Valley Drive, Suite 520, Reston, VA, 20191","Match","Exact","12355 SUNRISE VALLEY DR, RESTON, VA, 20191","-77.372733312321,38.950763341408","76028605","L"
"d0970d91f3997f00","1815 Seabee Road, Virginia Beach, VA, 23459","No_Match"
"634ce7e776966ad8","Kentland Farm, 5250 Whitethorne Road, Blacksburg, VA, 24060","Match","Non_Exact","5250 WHITETHORNE RD, BLACKSBURG, VA, 24060","-80.564314302689,37.199868727035","73639601","L"
"aa4ea88c303bb293","202 Christopher Lane, Danville, VA, 24541","Match","Exact","202 CHRISTOPHER LN, DANVILLE, VA, 24541","-79.409407965889,36.585261074167","655916818","L"
"205b3b9cde9b71c2","Building Complex 1268, 2 Langley Boulevard, Hampton, VA, 23681","Match","Non_Exact","2 LANGLEY BLVD, HAMPTON, VA, 23681","-76.379752065248,37.091281885197","658061950","L"
"6f8ec7454b4a1390","12730 Fair Lakes Circle, Suite 600, Fairfax, VA, 22033","Match","Exact","12730 FAIR LAKES CIR, FAIRFAX, VA, 22033","-77.385442358512,38.858248195797","638159765","R"
"b6c74515979f6d6f","18521 Lee Highway, Abingdon, VA, 24210","Match","Exact","18521 LEE HWY, ABINGDON, VA, 24210","-82.033677826465,36.684772465143","154374901","L"
"d15d630be98af709","2500 Almeda Avenue, Suite 214, Norfolk, VA, 23513","Match","Exact","2500 ALMEDA AVE, NORFOLK, VA, 23513","-76.215900090795,36.878856748079","640889661","R"
"42cacb82dd2aa7c5","176 Lincoln Street, Portsmouth, VA, 23704","Match","Exact","176 LINCOLN ST, PORTSMOUTH, VA, 23704","-76.296307825283,36.82726915888","122198067","R"
"42c359cbdaaf25bb","3810 Concorde Parkway, Suite 2200, Chantilly, VA, 20151","Match","Exact","3810 CONCORDE PKWY, CHANTILLY, VA, 20151","-77.450446248713,38.910668155953","76027144","L"
"f9cd8fc7aee4cb89","4400 University Dr, Fairfax, VA, 22030-4444","Match","Non_Exact","4400 UNIVERSITY DR, FAIRFAX, VA, 22030","-77.304407730733,38.834398952534","639527753","R"
"6b09474cb8c0c651","8283 Greensboro Drive, McLean, VA, 22102","Match","Exact","8283 GREENSBORO DR, MCLEAN, VA, 22102","-77.231063448895,38.923271289735","639870698","L"
"a79c2d6cd0b5cabf","2701 Prosperity Avenue, Suite 400, Fairfax, VA, 22031","Match","Exact","2701 PROSPERITY AVE, FAIRFAX, VA, 22031","-77.233579943484,38.881014902819","650734629","L"
"8bedc798f21e3ce4","5925 Cove Road, Roanoke, VA, 24019","Match","Non_Exact","5925 COVE RD NW, ROANOKE, VA, 24019","-80.022068745099,37.321176423183","62929054","R"
"f7f4b22d9085a81b","3441 Mountain Empire Road, Big Stone Gap, VA, 24219","Match","Exact","3441 MOUNTAIN EMPIRE RD, BIG STONE GAP, VA, 24219","-82.758604063994,36.856375997528","83466876","L"
"ebf2f20bf0d22b8b","101 West Main Street, Suite 602, Norfolk, VA, 23510","Match","Exact","101 W MAIN ST, NORFOLK, VA, 23510","-76.292458234297,36.846314895047","657500107","L"
"21742944f08e9975","9253 Old Keene Mill Road, Burke, VA, 22015","Match","Exact","9253 OLD KEENE MILL RD, BURKE, VA, 22015","-77.264851913163,38.775660285666","657858663","L"
"70af30ee90d0150a","1551 Forbes Street, Fredericksburg, VA, 22405","Match","Exact","1551 FORBES ST, FREDERICKSBURG, VA, 22405","-77.456270694429,38.356086575373","636657813","L"
"e1ec59fdde5ab913","4455 Flexon Drive, Prince George, VA, 23875","Match","Exact","4455 FLEXON DR, PRINCE GEORGE, VA, 23875","-77.369239230669,37.251626692559","54185165","L"
"1e10cf8449267186","1717 East Cary Street, Richmond, VA, 23223","Match","Exact","1717 E CARY ST, RICHMOND, VA, 23223","-77.428858677109,37.532251931028","201540840","R"
"be96e597bfa5f20b","510 Lansdowne Road, Fredericksburg, VA, 22408","Match","Exact","510 LANSDOWNE RD, FREDERICKSBURG, VA, 22408","-77.463923721059,38.265887193099","655379577","R"
"c4099aede9242003","39959 Catoctin Ridge Street, Paeonian Springs, VA, 20129","Match","Exact","39959 CATOCTIN RIDGE ST, PAEONIAN SPRINGS, VA, 20129","-77.620273646044,39.14892635346","62333453","R"
"5285a4d6947852e1","111 South George Mason Drive, Arlington, VA, 22204-1373","Match","Non_Exact","111 S GEORGE MASON DR, ARLINGTON, VA, 22204","-77.106424050008,38.866842202261","76479310","L"
"f01028db20968fb6","4400 University Dr, Fairfax, VA, 22030-4444","Match","Non_Exact","4400 UNIVERSITY DR, FAIRFAX, VA, 22030","-77.304407730733,38.834398952534","639527753","R"
"2ad09d1c333d646a","111275 Aviation Way, Orange, VA, 22960","No_Match"
"3ff4c8d3e4563021","13101 Route 1, Chester, VA, 23831-5316","No_Match"
"e5f431fd52b4ab98","803 Sycolin Road SE, Leesburg, VA, 20175","Match","Exact","803 SYCOLIN RD SE, LEESBURG, VA, 20175","-77.55259681775,39.082373474656","642574780","L"
"82ab8d71a913ce8a","7700 Midlothian Turnpike, North Chesterfield, VA, 23235","Match","Exact","7700 MIDLOTHIAN TPKE, NORTH CHESTERFIELD, VA, 23235","-77.539283409656,37.498983334319","223168472","L"
"7f73d6e58a8711b1","1827 University Avenue, Charlottesville, VA, 22903-2628","Match","Non_Exact","1827 UNIVERSITY AVE, CHARLOTTESVILLE, VA, 22903","-78.502685264855,38.036551813727","83405484","R"
"d9a28db48a7680e0","29316 Lankford Hwy, Melfa, VA, 23410","Match","Exact","29316 LANKFORD HWY, MELFA, VA, 23410","-75.748516866806,37.641130879614","114600161","L"
"cca61d8433f423c1","10761 James Payne Court, Manassas, VA, 20110","Match","Exact","10761 JAMES PAYNE CT, MANASSAS, VA, 20110","-77.518156645221,38.73027404377","626995771","L"
"0beb0f79e2508873","201 High St, Farmville, VA, 23909","Match","Exact","201 HIGH ST, FARMVILLE, VA, 23909","-78.394302154083,37.301562493685","73975307","L"
"f6b77fc48a0579b9","300 Arboretum Place, Suite 200, Richmond, VA, 23236","Match","Exact","300 ARBORETUM PL, RICHMOND, VA, 23236","-77.564677437192,37.493812859721","223164762","R"
"0664c9e8154f63a3","13575 Heathcote Boulevard, Suite 130, Gainesville, VA, 20155","Match","Exact","13575 HEATHCOTE BLVD, GAINESVILLE, VA, 20155","-77.599734772641,38.80300870791","207164008","R"
"483d7a549770e18c","100 VHCC Drive, Abingdon, VA, 24212-0828","Match","Non_Exact","100 VHCC DR, ABINGDON, VA, 24210","-82.002213845592,36.695678286441","641471761","L"
"c5fa0315c1f05e07","1200 Park Rd, Harrisonburg, VA, 22802-2462","Match","Non_Exact","1200 PARK RD, HARRISONBURG, VA, 22802","-78.878643438588,38.469111416337","55709930","R"
"1d94349c1a8605f4","10000 Germanna Point Drive, Fredericksburg, VA, 22408-9543","Match","Non_Exact","10000 GERMANNA POINT DR, FREDERICKSBURG, VA, 22408","-77.4925394239,38.228987476611","228787423","L"
"fa252e1ce51730a6","3500 Transportation Research Plaza, Blacksburg, VA, 24061","Match","Non_Exact","3500 TRANSPORTATION RESEARCH DR, BLACKSBURG, VA, 24060","-80.397173678679,37.187785623048","73634274","L"
"72edee13fdaf8fbc","210 Burruss Hall, 800 Drillfield Dr., Blacksburg, VA, 24061-0131","Match","Non_Exact","800 DRILLFIELD DR, BLACKSBURG, VA, 24061","-80.423203108961,37.22830481052","73616336","L"
"90e2693d798b7b2d","210 Burruss Hall, 800 Drillfield Dr., Blacksburg, VA, 24061-0131","Match","Non_Exact","800 DRILLFIELD DR, BLACKSBURG, VA, 24061","-80.423203108961,37.22830481052","73616336","L"
"cf865e83b26395b3","11100 Endeavor Court, Suite 300, Manassas, VA, 20109","No_Match"
"87156ce8960f6448","16320 West Ridge Road, Tangier, VA, 23440","Match","Exact","16320 W RIDGE RD, TANGIER, VA, 23440","-75.995874440635,37.829672149137","640075020","R"
"790c58c3d2896d4c","1501 Lakeside Dr, Lynchburg, VA, 24501-3113","Match","Non_Exact","1501 LAKESIDE DR, LYNCHBURG, VA, 24501","-79.182527962346,37.401691773656","62738697","L"
"6c907efc74ee56ac","210 Burruss Hall, 800 Drillfield Dr., Blacksburg, VA, 24061-0131","Match","Non_Exact","800 DRILLFIELD DR, BLACKSBURG, VA, 24061","-80.423203108961,37.22830481052","73616336","L"
"8e1de78973887d19","210 Burruss Hall, 800 Drillfield Dr., Blacksburg, VA, 24061-0131","Match","Non_Exact","800 DRILLFIELD DR, BLACKSBURG, VA, 24061","-80.423203108961,37.22830481052","73616336","L"
"a50dbb0e167e9882","22 Lincoln Street, Hampton, VA, 23669","Match","Exact","22 LINCOLN ST, HAMPTON, VA, 23669","-76.343478834736,37.02811308732","655606596","L"
"53c96c9aee297607","11632 Highway 15, Clarkesville, VA, 23927","Match","Non_Exact","11632 US HWY 15, CLARKSVILLE, VA, 23927","-78.557650769531,36.602205943194","54332190","R"
"30d0a823e76edd0d","11301 Johnson Road, South Prince George, VA, 23805-7100","Match","Non_Exact","11301 JOHNSON RD, SOUTH PRINCE GEORGE, VA, 23805","-77.396697931379,37.152658887277","649936756","R"
"499408de9630b595","210 Burruss Hall, 800 Drillfield Dr., Blacksburg, VA, 24061-0131","Match","Non_Exact","800 DRILLFIELD DR, BLACKSBURG, VA, 24061","-80.423203108961,37.22830481052","73616336","L"
"ffb280689648702f","99 Thomas Nelson Drive, Hampton, VA, 23666","Match","Exact","99 THOMAS NELSON DR, HAMPTON, VA, 23666","-76.424001908431,37.064091270423","103799562","L"
"d22c7c780d72486f","525 Aiport Road, Martinsville, VA, 24112","Match","Non_Exact","525 AIRPORT RD, MARTINSVILLE, VA, 24112","-80.015378341781,36.631915987355","55509701","L"
"30784171c4a7c4b0","1776 Patriot Way, Mattaponi, VA, 23110","Match","Exact","1776 PATRIOT WAY, MATTAPONI, VA, 23110","-76.75652852258,37.52393489402","650180397","L"
"8732ba652335b9ea","277 Dominy Corner Road, Blackstone, VA, 23824","No_Match"
"b042730ef8280c92","Williamsburg Police Department, 615 Lafayette Street, Williamsburg, VA, 23185","Match","Non_Exact","615 LAFAYETTE ST, WILLIAMSBURG, VA, 23185","-76.711372514187,37.276699148165","103747342","L"
"967cac8ca6d7393e","6909 Metro Park Drive, Suite 500, Alexandria, VA, 22310","Match","Exact","6909 METRO PARK DR, ALEXANDRIA, VA, 22310","-77.156537877138,38.769243342946","645895371","L"
"5b253fd911440462","1030 University Boulevard, Suffolk, VA, 23435","Match","Exact","1030 UNIVERSITY BLVD, SUFFOLK, VA, 23435","-76.418583716457,36.870729366074","627029223","R"
"1eb5aaac752782c9","100 East Queen Street, Hampton, VA, 23668","Match","Exact","100 E QUEEN ST, HAMPTON, VA, 23668","-76.338129155115,37.02363236169","103806101","R"
"2fd3080fb97333a2","9617 Center Street, Manassas, VA, 20110","Match","Exact","9617 CENTER ST, MANASSAS, VA, 20110","-77.488543407845,38.753212883314","76536420","L"
"b511e12ae209de7a","1225 Courthouse Road, Stafford, VA, 22554","Match","Exact","1225 COURTHOUSE RD, STAFFORD, VA, 22554","-77.413045204582,38.421101113103","25579865","L"
"e593e8777073970e","2877 Guardian Lane, Virginia Beach, VA, 23452","Match","Exact","2877 GUARDIAN LN, VIRGINIA BEACH, VA, 23452","-76.072176408472,36.825620669032","655924817","L"
"b49116aff25cbd40","1345 Falling Creek Road, Bedford, VA, 24523","Match","Exact","1345 FALLING CREEK RD, BEDFORD, VA, 24523","-79.504548418928,37.31166006204","636773357","L"
"b269ac360aa403ca","600 East Canal Street, Richmond, VA, 23219","Match","Exact","600 E CANAL ST, RICHMOND, VA, 23219","-77.440535586181,37.538119360459","201539465","L"
"75046ce541e337ef","5115 Hampton Boulevard, Norfolk, VA, 23529","Match","Non_Exact","5115 HAMPTON BLVD, NORFOLK, VA, 23508","-76.303178916536,36.889279791848","639484367","L"
"547aaec5ebd54135","Runway 16/34, Naval Support Facility Dahlgren, Dahlgren, VA, 22448","No_Match"
"cd56787e917e3478","7737 Hampton Boulevard, Norfolk, VA, 23505","Match","Exact","7737 HAMPTON BLVD, NORFOLK, VA, 23505","-76.30857288238,36.915926974131","122148584","R"
"70d018add18968ed","Joint Expeditionary Base Little Creek-Fort Story, 1815 Seabee Road, Virginia Beach, VA, 23459","No_Match"
"42ca6b729f64a52c","1971 University Blvd, Lynchburg, VA, 24515","Match","Non_Exact","1971 UNIVERSITY BLVD, LYNCHBURG, VA, 24502","-79.171366351955,37.357185438813","62737353","R"
"7610825d40e01cb8","100 East Queen Street, Hampton, VA, 23668","Match","Exact","100 E QUEEN ST, HAMPTON, VA, 23668","-76.338129155115,37.02363236169","103806101","R"
"b2c906e0bf24efda","9119 Dean Ridings Lane, Spotsylvania, VA, 22553","No_Match"
"00ef1d023bc41db7","1200 Gene Bolton Drive, Suffolk, VA, 23434","No_Match"
"bed6011f5cd8433b","2401 Courthouse Drive, Virginia Beach, VA, 23456","Match","Exact","2401 COURTHOUSE DR, VIRGINIA BEACH, VA, 23456","-76.054885301196,36.750162760929","655918932","L"
"6e98c54d2661a51e","139 Airport Drive, Emporia, VA, 23847","Match","Exact","139 AIRPORT DR, EMPORIA, VA, 23847","-77.483860261916,36.682564163094","54233821","R"
"9552c86e1e8a66de","2200 Norview Avenue, Norfolk, VA, 23518","No_Match"
"27bf0462fbe2710c","204 West Washington Street, Lexington, VA, 24450-2116","Match","Non_Exact","204 E WASHINGTON ST, LEXINGTON, VA, 24450","-79.439908264062,37.783870087549","63109356","R"
"e3f670042d77b8ed","4400 University Dr, Fairfax, VA, 22030-4444","Match","Non_Exact","4400 UNIVERSITY DR, FAIRFAX, VA, 22030","-77.304407730733,38.834398952534","639527753","R"
"fe4efb8fe8fa2703","96 Stilwell Road, Hampton, VA, 23651","Match","Exact","96 STILWELL RD, HAMPTON, VA, 23651","-76.312443660114,37.010448611465","103807939","R"
"517e23cc88c4d6b0","2873 Crusader Circle, Virginia Beach, VA, 23453","Match","Exact","2873 CRUSADER CIR, VIRGINIA BEACH, VA, 23453","-76.066089998427,36.800894391248","122281151","L"
"44847f30e65024f9","Visitor Control Center, 500 Gregg Avenue, Building 5228, Fort Lee, VA, 23801","No_Match"
"3e3f9bd2bfd719dd","504 Hangar Road, Hillsville, VA, 24343","No_Match"
"95f3f8dd20698d71","210 Burruss Hall, 800 Drillfield Dr., Blacksburg, VA, 24061-0131","Match","Non_Exact","800 DRILLFIELD DR, BLACKSBURG, VA, 24061","-80.423203108961,37.22830481052","73616336","L"
"9bddd30a9c569e27","Assembly, 400 Granby Street, Norfolk, VA, 23510","Match","Non_Exact","400 GRANBY ST, NORFOLK, VA, 23510","-76.289718192821,36.85124301871","122127340","R"
"d351eb28843206ff","700 Tech Center Parkway, Suite 200-129, Newport News, VA, 23606","No_Match"
"0cd0a0b211ac6862","3500 Transportation Research Plaza, Blacksburg, VA, 24061","Match","Non_Exact","3500 TRANSPORTATION RESEARCH DR, BLACKSBURG, VA, 24060","-80.397173678679,37.187785623048","73634274","L"
"5ec9284716986828","13199 Wakefield Road, Sedley, VA, 23878","Match","Exact","13199 WAKEFIELD RD, SEDLEY, VA, 23878","-77.057713218317,36.841545999758","82720206","R"
"c60e7028ee165e59","2002 Edmund Halley Drive, Reston, VA, 20191","Match","Exact","2002 EDMUND HALLEY DR, RESTON, VA, 20191","-77.36157116373,38.951004089298","215922581","L"
"468ed6a8bd9bf0e5","10661 Gaskins Way, Manassas, VA, 20109","Match","Exact","10661 GASKINS WAY, MANASSAS, VA, 20109","-77.518385233506,38.80304862201","207158641","L"
"71615af924ef3773","99 Thomas Nelson Drive, Hampton, VA, 23666","Match","Exact","99 THOMAS NELSON DR, HAMPTON, VA, 23666","-76.424001908431,37.064091270423","103799562","L"
"05314016c12bb166","210 Burruss Hall, 800 Drillfield Dr., Blacksburg, VA, 24061-0131","Match","Non_Exact","800 DRILLFIELD DR, BLACKSBURG, VA, 24061","-80.423203108961,37.22830481052","73616336","L"
"b3b3f6a3c48facac","1533 Iris Trail, Midland, VA, 22728","No_Match"
"4c5c1860a76e7530","2143 Oak Lane, Blacksburg, VA, 24061","No_Match"
"c9a116bc7f9d7a78","4000 Coast Guard Boulevard, Portsmouth, VA, 23703","Match","Exact","4000 COAST GUARD BLVD, PORTSMOUTH, VA, 23703","-76.377468541131,36.873684619346","641049331","R"
"084f13f2f819a870","172 East Main Street, Salem, VA, 24153","Match","Exact","172 E MAIN ST, SALEM, VA, 24153","-80.055803367508,37.293109866561","62957802","R"
"72de64822da7fe5c","1 University Hill Drive, Buena Vista, VA, 24416","Match","Exact","1 UNIVERSITY HILL DR, BUENA VISTA, VA, 24416","-79.351633902628,37.740461413293","639494483","R"
"d164530634fbe20f","291 Dominy Corner Road, Blackstone, VA, 23824","No_Match"
"6648a2c0781a008e","Newport News-Williamsburg International Airport, 900 Bland Boulevard, Newport News, VA, 23602","Match","Non_Exact","900 BLAND BLVD, NEWPORT NEWS, VA, 23602","-76.502791778726,37.132176794928","103770968","R"
"81448982b42a2d50","7414 Atlantic Road, Wallops Island, VA, 23337","Match","Exact","7414 ATLANTIC RD, WALLOPS ISLAND, VA, 23337","-75.479661928582,37.933422185227","649974836","L"
"8c84b7f1dfd8dd72","1600 5th Street, Suite D, Charlottesville, VA, 22902","No_Match"
"d6ac537d023f4322","7511 Airfield Drive, Richmond, VA, 23237","Match","Exact","7511 AIRFIELD DR, RICHMOND, VA, 23237","-77.519431142684,37.406826608705","201582130","L"
"4d89c8e167427d3d","150 Slayton Avenue, Danville, VA, 24540","Match","Exact","150 SLAYTON AVE, DANVILLE, VA, 24540","-79.356171784217,36.579465621514","636656624","R"
"f03ae6a527c6bd8c","1245 Pine Tree Road, Alton, VA, 24520","No_Match"
"5ca1c2a7332e21ce","773 Airport Road, Jonesville, VA, 24263","No_Match"
"6be9939c3872d598","6361 Walker Lane, Alexandria, VA, 22310","Match","Exact","6361 WALKER LN, ALEXANDRIA, VA, 22310","-77.15925557244,38.769115691119","657880466","L"
"d68a6a505f3a9269","1827 University Avenue, Charlottesville, VA, 22903-2628","Match","Non_Exact","1827 UNIVERSITY AVE, CHARLOTTESVILLE, VA, 22903","-78.502685264855,38.036551813727","83405484","R"
"427f358d4b105747","8280 Willow Oaks Corporate Drive, Suite 200, Fairfax, VA, 22031","Match","Exact","8280 WILLOW OAKS CORPORATE DR, FAIRFAX, VA, 22031","-77.230172939204,38.863831235816","645569845","L"
"479b32106fb57185","7918 Blandy Road, Norfolk, VA, 23511","Match","Exact","7918 BLANDY RD, NORFOLK, VA, 23511","-76.302013391624,36.922617624702","122145635","L"
"4a49b8902a3750df","420 W Main St, Danville, VA, 24541","Match","Exact","420 W MAIN ST, DANVILLE, VA, 24541","-79.413102597533,36.57687501562","56588550","R"
"886e7a1501671ea0","12517 Beverly Ford Road, Brandy Station, VA, 22714","Match","Exact","12517 BEVERLY FORD RD, BRANDY STATION, VA, 22714","-77.861563311737,38.527980123891","655311123","R"
"357bfd67a84c3e8c","1971 University Blvd, Lynchburg, VA, 24515","Match","Non_Exact","1971 UNIVERSITY BLVD, LYNCHBURG, VA, 24502","-79.171366351955,37.357185438813","62737353","R"
"d9faf39473253138","4101 Washington Avenue, Newport News, VA, 23607","Match","Exact","4101 WASHINGTON AVE, NEWPORT NEWS, VA, 23607","-76.435738169157,36.986328523633","103745994","L"
"7050b6d78bb0c9ac","210 Burruss Hall, 800 Drillfield Dr., Blacksburg, VA, 24061-0131","Match","Non_Exact","800 DRILLFIELD DR, BLACKSBURG, VA, 24061","-80.423203108961,37.22830481052","73616336","L"
"bdd0b81a8ca72ab4","210 Burruss Hall, 800 Drillfield Dr., Blacksburg, VA, 24061-0131","Match","Non_Exact","800 DRILLFIELD DR, BLACKSBURG, VA, 24061","-80.423203108961,37.22830481052","73616336","L"
"8f20965359b07bc2","1001 Sycolin Road SE, Leesburg, VA, 20175","Match","Exact","1001 SYCOLIN RD SE, LEESBURG, VA, 20175","-77.553302200511,39.077325661974","647726168","L"
"9a2733de30c1b7b8","1 Hayden Drive, Petersburg, VA, 23806","Match","Non_Exact","1 HAYDEN ST, PETERSBURG, VA, 23806","-77.420075901201,37.234834863746","643011966","L"
"00131dc2c5c441ce","2200 Airport Road, Cedar Bluff, VA, 24609","No_Match"
"4b8faf647de440bd","New River Valley Plant, I-81 Exit 98, Dublin, VA, 24084","No_Match"
"9efdaad2a834a8ac","116 Jamestown Road, Williamsburg, VA, 23185","Match","Non_Exact","116 JAMESTOWN RD, WILLIAMSBURG, VA, 23186","-76.70806072231,37.270259013446","658112004","R"
"4b0b8a65ad071f32","210 Burruss Hall, 800 Drillfield Dr., Blacksburg, VA, 24061-0131","Match","Non_Exact","800 DRILLFIELD DR, BLACKSBURG, VA, 24061","-80.423203108961,37.22830481052","73616336","L"
"9aeba3d6166eab7c","910 W Franklin St, Richmond, VA, 23284-2512","Match","Non_Exact","910 W FRANKLIN ST, RICHMOND, VA, 23220","-77.452752424707,37.549491901753","639273066","R"
"737277aa9b15c570","7721 East Parham Road, Henrico, VA, 23294","Match","Exact","7721 E PARHAM RD, HENRICO, VA, 23294","-77.527333430883,37.630251146777","106690435","L"
"b6cbe7729e0d5df1","12745 College Drive, Glenns, VA, 23149-2616","Match","Non_Exact","12745 COLLEGE DR, SALUDA, VA, 23149","-76.624841128427,37.564769046782","168217635","R"
"19244021f93193cc","134 Chapel Drive, Sweet Briar, VA, 24595-9998","No_Match"
"b70110f714d84c18","81 Research Drive, Hampton, VA, 23666","Match","Exact","81 RESEARCH DR, HAMPTON, VA, 23666","-76.392765822921,37.087907392916","103804925","L"
"641c5cc74b623681","2808 Airport Drive, Chesapeake, VA, 23323","Match","Exact","2808 AIRPORT DR, CHESAPEAKE, VA, 23323","-76.325204457547,36.66562645202","121798918","L"
"ce924eb1ccfa8985","4890 Alliance Drive, Fairfax, VA, 22030","No_Match"
"05e0873ece733af9","910 W Franklin St, Richmond, VA, 23284-2512","Match","Non_Exact","910 W FRANKLIN ST, RICHMOND, VA, 23220","-77.452752424707,37.549491901753","639273066","R"
"14528857c0967d4c","820 Bruce Street, South Boston, VA, 24592","Match","Exact","820 BRUCE ST, SOUTH BOSTON, VA, 24592","-78.901826665821,36.695509833881","90310339","R"
"214d1c082a3ae0a6","107 North Kent Street, Winchester, VA, 22601","Match","Exact","107 N KENT ST, WINCHESTER, VA, 22601","-78.162453644794,39.18424174531","657792966","L"
"8d09db9896f660c1","5202 Aviation Drive NW, Roanoke, VA, 24012","Match","Exact","5202 AVIATION DR NW, ROANOKE, VA, 24012","-79.968062247267,37.31770509387","62945228","R"
"e4a95d7a68250cd1","1640 Boro Place, 4th Floor, McLean, VA, 22102","No_Match"
"3c9a51d3a5a026a3","1086 Airport Road, Luray, VA, 22835","Match","Exact","1086 AIRPORT RD, LURAY, VA, 22835","-78.495852549272,38.668577008048","645062715","R"
"63f5ca2066a46224","1000 College Drive, Clifton Forge, VA, 24422-1000","No_Match"
"8bf87ab4d3802090","310 Plainview Road, Topping, VA, 23169","Match","Exact","310 PLAINVIEW RD, TOPPING, VA, 23169","-76.449659927704,37.602238224352","22079793","R"
"f1653db4f12bd52c","5115 Hampton Boulevard, Norfolk, VA, 23529","Match","Non_Exact","5115 HAMPTON BLVD, NORFOLK, VA, 23508","-76.303178916536,36.889279791848","639484367","L"
"861478c0254ff85e","4001 Wakefield Chapel Rd, Annandale, VA, 22003-3796","Match","Non_Exact","4001 WAKEFIELD CHAPEL RD, ANNANDALE, VA, 22003","-77.238804156288,38.836763164776","75972403","L"
"d5919c9a96d93071","249 Aero Drive, Waynesboro, VA, 22980","Match","Exact","249 AERO DR, WAYNESBORO, VA, 22980","-78.935963652593,38.083774842729","652102258","R"
"7fa96280804bc33b","1460 University Dr, Winchester, VA, 22601-5195","Match","Non_Exact","1460 UNIVERSITY DR, WINCHESTER, VA, 22601","-78.159536016926,39.166098973377","55580119","R"
"698b63458ca20786","800 South Main Street, Harrisonburg, VA, 22807","Match","Non_Exact","800 S MAIN ST, HARRISONBURG, VA, 22801","-78.874120654287,38.441359656271","655276915","R"
"3ad210706164f34e","18426 Dunne Avenue, Parksley, VA, 23421","No_Match"
"6c235dc5641f79f9","350 Terminal Drive, Lynchburg, VA, 24502","No_Match"
"1f6358f145cc68f1","3910 Old Buckingham Road, Powhatan, VA, 23139","Match","Exact","3910 OLD BUCKINGHAM RD, POWHATAN, VA, 23139","-77.91965253074,37.544356159064","73827548","R"
"32c550922688dd75","1375 Greate Road, Gloucester Point, VA, 23062","Match","Exact","1375 GREATE RD, GLOUCESTER POINT, VA, 23062","-76.499999657544,37.249322774219","168201142","L"
"05303e8817af2dad","30461 Garnand Drive, Emory, VA, 24327-0947","Match","Non_Exact","30461 GARNAND DR, EMORY, VA, 24327","-81.831472730388,36.771690184803","154376303","R"
"229bbb08cbd8b6d1","One Partnership Circle, Abingdon, VA, 24210","Match","Non_Exact","1 PARTNERSHIP DR, ABINGDON, VA, 24210","-82.002082775073,36.695700246789","641471848","L"
"cc4c94f2e2e67923","10500 Battleview Parkway, Manassas, VA, 20109","Match","Exact","10500 BATTLEVIEW PKWY, MANASSAS, VA, 20109","-77.516809791652,38.806016880805","207155558","R"
"d21f901edd8594cb","Olsson Hall, 151 Engineer's Way, Charlottesville, VA, 22904","Match","Non_Exact","151 ENGINEERS WAY, CHARLOTTESVILLE, VA, 22903","-78.510786932124,38.032666033419","83377069","L"
"c5fdf9cd0107475a","1971 University Blvd, Lynchburg, VA, 24515","Match","Non_Exact","1971 UNIVERSITY BLVD, LYNCHBURG, VA, 24502","-79.171366351955,37.357185438813","62737353","R"
"a947c56d89ff143f","13861 Sunrise Valley Drive, Building 1, Suite 450, Herndon, VA, 20171","Match","Exact","13861 SUNRISE VALLEY DR, HERNDON, VA, 20171","-77.422128697487,38.949669164349","618555446","R"
"950337f8013288bc","1090 Cutlass Road, Moneta, VA, 24121","Match","Exact","1090 CUTLASS RD, MONETA, VA, 24121","-79.590934525903,37.110733405435","658080230","R"
"7b5420eb10e0ef07","1100 Bank Street, Richmond, VA, 23219","Match","Exact","1100 BANK ST, RICHMOND, VA, 23219","-77.43363795915,37.537485256819","648167228","L"
"5c7e240bba840f09","1922 Regulus Avenue, Virginia Beach, VA, 23461","Match","Exact","1922 REGULUS AVE, VIRGINIA BEACH, VA, 23461","-75.957372379644,36.776825825369","122272994","L"
"74431452058d3ddc","173 Skirmisher Lane, Middletown, VA, 22645","Match","Exact","173 SKIRMISHER LN, MIDDLETOWN, VA, 22645","-78.268944574716,39.03634196246","235746467","L"
"188c06efddee79b3","634 Airport Road, Victoria, VA, 23974","Match","Exact","634 AIRPORT RD, VICTORIA, VA, 23974","-78.18316993647,36.963420436125","657165573","L"
"19d127ccbcac3113","1827 University Avenue, Charlottesville, VA, 22903-2628","Match","Non_Exact","1827 UNIVERSITY AVE, CHARLOTTESVILLE, VA, 22903","-78.502685264855,38.036551813727","83405484","R"
"4fe98c6c0ecb4ec0","9500 Godwin Drive, Building 400, Manassas, VA, 20110-4166","Match","Non_Exact","9500 GODWIN DR, MANASSAS, VA, 20110","-77.512928242274,38.747043652159","657534375","R"
"7fb168cfbc5e6fe7","200 Technology Drive, Christiansburg, VA, 24073","Match","Exact","200 TECHNOLOGY DR, CHRISTIANSBURG, VA, 24073","-80.375977207415,37.117391452893","73634392","R"
"e091f97df39480ab","77 Airport Drive, Lawrenceville, VA, 23868","Match","Exact","77 AIRPORT DR, LAWRENCEVILLE, VA, 23868","-77.793770041144,36.778239350238","54030210","L"
"fa6630487587bea0","One College Lane, Weyers Cave, VA, 24486-0080","No_Match"
"a7846b766a62c601","500 Viking Drive, Suite 400, Virginia Beach, VA, 23452","Match","Exact","500 VIKING DR, VIRGINIA BEACH, VA, 23452","-76.067127369889,36.829671331466","122300861","R"
"ab62b3fa7f8df459","1550 Crystal Drive, Suite 200, Arlington, VA, 22202","Match","Exact","1550 CRYSTAL DR, ARLINGTON, VA, 22202","-77.049380872363,38.860250689009","640767976","R"
"1266ac5476b351f0","210 Burruss Hall, 800 Drillfield Dr., Blacksburg, VA, 24061-0131","Match","Non_Exact","800 DRILLFIELD DR, BLACKSBURG, VA, 24061","-80.423203108961,37.22830481052","73616336","L"
"cce554a48bf1b57c","210 Burruss Hall, 800 Drillfield Dr., Blacksburg, VA, 24061-0131","Match","Non_Exact","800 DRILLFIELD DR, BLACKSBURG, VA, 24061","-80.423203108961,37.22830481052","73616336","L"
"e014ef74a9468b36","3250 Kings Mountain Road, Martinsville, VA, 24112","Match","Exact","3250 KINGS MOUNTAIN RD, MARTINSVILLE, VA, 24112","-79.89195728376,36.74109175682","55538329","R"
"f5adb4f27197a7cc","5520 West Quaker Road, Disputanta, VA, 23842","Match","Exact","5520 W QUAKER RD, DISPUTANTA, VA, 23842","-77.304536563632,37.186124220737","54182896","L"
"3611e913289eb57c","1 College Avenue, Wise, VA, 24293-4400","Match","Non_Exact","1 COLLEGE AVE, WISE, VA, 24293","-82.560401467987,36.969921039391","225716664","R"
"30de403634f2f7f7","10440 Furnace Road, Suite 204, Lorton, VA, 22079-2630","Match","Non_Exact","10440 FURNACE RD, LORTON, VA, 22079","-77.240393121854,38.675086413765","657896395","R"
"b6231138957dd8f6","1750 Presidents Street, Reston, VA, 20190","Match","Exact","1750 PRESIDENTS ST, RESTON, VA, 20190","-77.355528067631,38.958937036341","76023443","L"
"012842ef92507768","780 Lynnhaven Parkway, Suite 400, Virginia Beach, VA, 23452","Match","Exact","780 LYNNHAVEN PKWY, VIRGINIA BEACH, VA, 23452","-76.066769737383,36.815502865112","122306652","R"
"6f572621d016942c","600 Butler Farm Road, Hampton, VA, 23666","No_Match"
"9016475a13eaac35","124 Commerce Street, Occoquan, VA, 22125","Match","Exact","124 COMMERCE ST, OCCOQUAN, VA, 22125","-77.259804112549,38.682348738865","657536935","L"
"e287945a29866d81","8122 Kings Highway, King George, VA, 22485","Match","Exact","8122 KINGS HWY, KING GEORGE, VA, 22485","-77.20615313555,38.276607455062","608888624","R"
"bb29ffc514c47eaa","233 West Broaddus Avenue, Bowling Green, VA, 22427","Match","Exact","233 W BROADDUS AVE, BOWLING GREEN, VA, 22427","-77.356210329607,38.04907923108","21946136","L"
"952ace856671a227","150 Slayton Avenue, Danville, VA, 24540","Match","Exact","150 SLAYTON AVE, DANVILLE, VA, 24540","-79.356171784217,36.579465621514","636656624","R"
"a8c25de6f142082c","1601 Tech Center Drive, Blacksburg, VA, 24060","No_Match"
"ef618dae29a95fe9","424 Airport Drive, Danville, VA, 24540","No_Match"
"e67cfcce4613a75b","5172 West Military Highway, Chesapeake, VA, 23321","Match","Exact","5172 W MILITARY HWY, CHESAPEAKE, VA, 23321","-76.447929529701,36.775762476497","121788093","R"
"25d4d3c1ab9a9dad","5196 West Military Highway, Chesapeake, VA, 23321","Match","Exact","5196 W MILITARY HWY, CHESAPEAKE, VA, 23321","-76.448441942565,36.775600661913","121788093","R"
"aa4d9c16e98bd142","Craney Island, Portsmouth, VA, 23703","No_Match"
"f79ee112c33d0d39","3405 Odd Fellows Road, Lynchburg, VA, 24501","Match","Exact","3405 ODD FELLOWS RD, LYNCHBURG, VA, 24501","-79.162528755945,37.38313565478","62738993","R"
"6f9fc7a374617a71","900 Bland Boulevard, Newport News, VA, 23602","Match","Exact","900 BLAND BLVD, NEWPORT NEWS, VA, 23602","-76.502791778726,37.132176794928","103770968","R"
"4282348e7696f9b5","6364 Cliffs Road, Cape Charles, VA, 23310","No_Match"
"fcc588983672b95d","100 Brooke Avenue, Norfolk, VA, 23510","Match","Exact","100 BROOKE AVE, NORFOLK, VA, 23510","-76.291218615644,36.848641534081","122127398","R"
"88f03e6adca01405","4400 University Dr, Fairfax, VA, 22030-4444","Match","Non_Exact","4400 UNIVERSITY DR, FAIRFAX, VA, 22030","-77.304407730733,38.834398952534","639527753","R"
"16ee99cb590e62fb","740 Old Brandy Road, Culpeper, VA, 22701","Match","Exact","740 OLD BRANDY RD, CULPEPER, VA, 22701","-77.984389001993,38.47899713789","640155557","L"
"d0083f3d8485a349","160 Newtown Road, Suite 500, Virginia Beach, VA, 23462","Match","Exact","160 NEWTOWN RD, VIRGINIA BEACH, VA, 23462","-76.186071190614,36.8426423407","638940544","R"
"e42b3b33486d3922","9710 Jefferson Avenue, Newport News, VA, 23605","Match","Exact","9710 JEFFERSON AVE, NEWPORT NEWS, VA, 23605","-76.450613431542,37.029424812746","103823590","R"
"b6b3bea98043e3d3","1 College Avenue, Wise, VA, 24293-4400","Match","Non_Exact","1 COLLEGE AVE, WISE, VA, 24293","-82.560401467987,36.969921039391","225716664","R"
"5a12306932ac7037","160 Main Road, Yorktown, VA, 23691","Match","Exact","160 MAIN RD, YORKTOWN, VA, 23691","-76.548121844022,37.232648992989","103793046","R"
"1d3e82904ff538e5","1000 Research Park Boulevard, Suite 106, Charlottesville, VA, 22911","No_Match"
"50d5a1a34ead5a17","121 College Place, Norfolk, VA, 23510","Match","Exact","121 COLLEGE PL, NORFOLK, VA, 23510","-76.29072337421,36.849941925081","122139024","L"
"98cc57a9102749b4","1000 Regent University Dr, Virginia Beach, VA, 23464","No_Match"
"1fe8ac6502c024c2","313 East Broad Street, Richmond, VA, 23219","Match","Exact","313 E BROAD ST, RICHMOND, VA, 23219","-77.439186066821,37.543831598576","201540397","R"
"4b4c42843f0b3598","150 Slayton Avenue, Danville, VA, 24540","Match","Exact","150 SLAYTON AVE, DANVILLE, VA, 24540","-79.356171784217,36.579465621514","636656624","R"
"33d4e1cb13752630","705 Washington Boulevard, Newport News, VA, 23604","No_Match"
"f2cd57cdf0b7c012","1765 Greensboro Station Place, 9th Floor, McLean, VA, 22102","No_Match"
"4683e1fc2e13db38","NASA Langley Research Center, 2 Langley Boulevard, Hampton, VA, 23681","Match","Non_Exact","2 LANGLEY BLVD, HAMPTON, VA, 23681","-76.379752065248,37.091281885197","658061950","L"
"5a28f8217b12be17","224 Ballard Street, Yorktown, VA, 23690","Match","Exact","224 BALLARD ST, YORKTOWN, VA, 23690","-76.509799433671,37.235330847402","103793162","L"
"4ed2cb3754bca77f","7505 Warwick Boulevard, Newport News, VA, 23607","Match","Exact","7505 WARWICK BLVD, NEWPORT NEWS, VA, 23607","-76.448542896436,37.014491851752","103755104","L"
"1c696a3a19882214","101 West Main Street, Suite 600, Norfolk, VA, 23510","Match","Exact","101 W MAIN ST, NORFOLK, VA, 23510","-76.292458234297,36.846314895047","657500107","L"
"93df50bdd10d223d","7870 Villa Park Drive, Suite 400, Henrico, VA, 23228","No_Match"
"06d978cf6d423b2e","2800 Airport Drive, Chesapeake, VA, 23323","Match","Exact","2800 AIRPORT DR, CHESAPEAKE, VA, 23323","-76.325168943088,36.665604910458","121798918","L"
"a195e39840fff2de","215 Ferrum Mountain Road, Ferrum, VA, 24088-9000","Match","Non_Exact","215 FERRUM MOUNTAIN RD, FERRUM, VA, 24088","-80.01938169641,36.926868695248","655532181","L"
"3635fba5d208a7e7","100 Highland Avenue, Colonial Heights, VA, 23834","Match","Exact","100 HIGHLAND AVE, COLONIAL HEIGHTS, VA, 23834","-77.41099271024,37.253604151","201549922","L"
"d737f278886bd2de","1818 Library Street, Suite 600, Reston, VA, 20190","Match","Exact","1818 LIBRARY ST, RESTON, VA, 20190","-77.358686593125,38.958642497269","624434295","R"
"1216e1de0edc52de","3506 Wards Rd, Lynchburg, VA, 24502-2498","Match","Non_Exact","3506 WARDS RD, LYNCHBURG, VA, 24502","-79.181008971209,37.357663815729","62739180","R"
"14da5b92e10ee8cf","1827 University Avenue, Charlottesville, VA, 22903-2628","Match","Non_Exact","1827 UNIVERSITY AVE, CHARLOTTESVILLE, VA, 22903","-78.502685264855,38.036551813727","83405484","R"
"6e8414733e239e57","7500 GEOINT Drive, Springfield, VA, 22150-7500","Match","Non_Exact","7500 GEOINT DR, SPRINGFIELD, VA, 22150","-77.194772408206,38.753741241905","641082760","R"
"9079c8b520ca91ab","6225 Airport Road, Wise, VA, 24293","Match","Exact","6225 AIRPORT RD, WISE, VA, 24293","-82.528441961548,36.985344426508","83449669","L"
"9d4bec548d37bbd8","313 East Broad Street, Richmond, VA, 23219","Match","Exact","313 E BROAD ST, RICHMOND, VA, 23219","-77.439186066821,37.543831598576","201540397","R"
"a7989842dface250","210 Burruss Hall, 800 Drillfield Dr., Blacksburg, VA, 24061-0131","Match","Non_Exact","800 DRILLFIELD DR, BLACKSBURG, VA, 24061","-80.423203108961,37.22830481052","73616336","L"
"e896953f3b65f89e","4600 Opportunity Way, Williamsburg, VA, 23188","Match","Exact","4600 OPPORTUNITY WAY, WILLIAMSBURG, VA, 23188","-76.757711807596,37.337991485203","649927936","R"
"a4590656c147cafa","100 N College Dr, Franklin, VA, 23851","Match","Exact","100 N COLLEGE DR, FRANKLIN, VA, 23851","-76.943142776086,36.676747689221","82732942","R"
"0bfd70cc8955248e","1676 International Drive, Suite 1100, McLean, VA, 22102","Match","Exact","1676 INTERNATIONAL DR, MCLEAN, VA, 22102","-77.227955871977,38.924599899611","215948699","R"
"a833f9fb319ce47c","410 Westhampton Way, University of Richmond, VA, 23173","Match","Non_Exact","410 WESTHAMPTON WAY, RICHMOND, VA, 23173","-77.542210585065,37.575903364334","642136265","R"
"21f541825f2e73e2","3617 Koppens Way, Chesapeake, VA, 23323","Match","Exact","3617 KOPPENS WAY, CHESAPEAKE, VA, 23323","-76.362360203043,36.781006832447","121768865","R"
"a1950298c648ca61","20130 Lakeview Center Plaza, Suite 200, Ashburn, VA, 20147","No_Match"
"ef94bc6d3cf6aa7b","45240 Business Court, Suite 400, Dulles, VA, 20166","Match","Exact","45240 BUSINESS CT, DULLES, VA, 20166","-77.436010803556,38.980842057715","62337900","R"
"0f36ca1284a62256","NASA Langley Research Center, 2 Langley Boulevard, Hampton, VA, 23681","Match","Non_Exact","2 LANGLEY BLVD, HAMPTON, VA, 23681","-76.379752065248,37.091281885197","658061950","L"
"382b48cca739d95a","77 Aviation Circle, Weyers Cave, VA, 24486","No_Match"
"be5a542186fb2935","1500 N Lombardy St, Richmond, VA, 23220","Match","Exact","1500 N LOMBARDY ST, RICHMOND, VA, 23220","-77.450582624284,37.5602214601","635263071","L"
"81ed199b57c94856","4250 Fairfax Drive, Suite 350, Arlington, VA, 22203","Match","Exact","4250 FAIRFAX DR, ARLINGTON, VA, 22203","-77.112260415018,38.882057336038","638185990","R"
"30e56c5c180c5544","700 Park Avenue, Norfolk, VA, 23504","Match","Exact","700 PARK AVE, NORFOLK, VA, 23504","-76.267976950166,36.849181783219","647854605","L"
"4e6f532b3143d801","315 Bedford Avenue, Bedford, VA, 24523","Match","Exact","315 BEDFORD AVE, BEDFORD, VA, 24523","-79.523683640815,37.336651750956","62708542","L"
"7ce958002611b363","1 East Main Street, Christiansburg, VA, 24073","Match","Exact","1 E MAIN ST, CHRISTIANSBURG, VA, 24073","-80.408451191182,37.130053112761","73641276","R"
"fee9b6b4481d85fb","204 Henry St, Ashland, VA, 23005-5505","Match","Non_Exact","204 HENRY ST, ASHLAND, VA, 23005","-77.477900813185,37.760677241156","84987877","L"
"1819377c9f9f2ba4","5000 Deepwater Terminal Road, Richmond, VA, 23234","Match","Exact","5000 DEEPWATER TERMINAL RD, RICHMOND, VA, 23234","-77.423307726335,37.457839826549","201547300","L"
"d086eb2dce663778","911 Madison Street, Boydton, VA, 23917","Match","Exact","911 MADISON ST, BOYDTON, VA, 23917","-78.383275594129,36.669604027585","54300681","L"
"39491a67c4c238bb","3401 Fairfax Drive, Arlington, VA, 22201","Match","Exact","3401 FAIRFAX DR, ARLINGTON, VA, 22201","-77.101047365713,38.884421544135","76469900","R"
"3194bc791b0a6f4d","7522 County Complex Road, Hanover, VA, 23069","Match","Exact","7522 COUNTY COMPLEX RD, HANOVER, VA, 23069","-77.366612629789,37.76463732681","84988348","R"
"b71f72832125bd68","5702 Gulfstream Road, Richmond, VA, 23250","Match","Exact","5702 GULFSTREAM RD, RICHMOND, VA, 23250","-77.332757995713,37.512142351403","106674081","R"
"22e8256b39b98875","6240 Airport Road, Hot Springs, VA, 24445","No_Match"
"325dfa5a7878b6f4","2010 Corporate Ridge Drive, Suite 910, McLean, VA, 22102","Match","Non_Exact","2010 CORPORATE RIDGE, MCLEAN, VA, 22102","-77.217102017133,38.912930525077","76022744","R"
"6d06dfdf2a253727","2600 Park Tower Drive, Suite 400, Vienna, VA, 22180","Match","Exact","2600 PARK TOWER DR, VIENNA, VA, 22180","-77.225255251281,38.882695520337","624435040","L"
"3789d533c72c2414","318 Prospect Street, Staunton, VA, 24401","Match","Exact","318 PROSPECT ST, STAUNTON, VA, 24401","-79.069664025689,38.1543997749","98848599","R"
"1ab76d417ccf6ebb","100 VHCC Drive, Abingdon, VA, 24212","Match","Non_Exact","100 VHCC DR, ABINGDON, VA, 24210","-82.002213845592,36.695678286441","641471761","L"
"b42e2d4c60cdd3cc","600 East Main Street, Suite 300, Richmond, VA, 23219","Match","Exact","600 E MAIN ST, RICHMOND, VA, 23219","-77.438897938634,37.539840624019","201540542","L"
"4a551bce117f37ba","6901 Terminal Road, Quinton, VA, 23141","Match","Exact","6901 TERMINAL RD, QUINTON, VA, 23141","-77.128142311337,37.501075590317","607167544","R"
"65634ff7152b247b","501 College Drive, Charlottesville, VA, 22902-7589","Match","Non_Exact","501 COLLEGE DR, CHARLOTTESVILLE, VA, 22902","-78.481234763274,38.008654005764","648400263","L"
"3cd8aa7818df00ba","901 East Cary Street, Richmond, VA, 23219","Match","Exact","901 E CARY ST, RICHMOND, VA, 23219","-77.437108640437,37.53728324574","201540566","R"
"ae422218e322b1ca","1827 University Avenue, Charlottesville, VA, 22903-2628","Match","Non_Exact","1827 UNIVERSITY AVE, CHARLOTTESVILLE, VA, 22903","-78.502685264855,38.036551813727","83405484","R"
"c3fa97f209a293dc","Weapons Training Battalion, 27211 Garand Road, Quantico, VA, 22134","No_Match"
"aca80882d4fe68d5","229 Stokes Airport Road, Front Royal, VA, 22630","Match","Exact","229 STOKES AIRPORT RD, FRONT ROYAL, VA, 22630","-78.247534563845,38.919521467635","159092180","L"
"281052354460b8b0","18082 Airport Road, Gordonsville, VA, 22942","No_Match"
"59b3c2395a4f5263","210 Burruss Hall, 800 Drillfield Dr., Blacksburg, VA, 24061-0131","Match","Non_Exact","800 DRILLFIELD DR, BLACKSBURG, VA, 24061","-80.423203108961,37.22830481052","73616336","L"
"46e2e6cefb15fe4b","4400 University Dr, Fairfax, VA, 22030-4444","Match","Non_Exact","4400 UNIVERSITY DR, FAIRFAX, VA, 22030","-77.304407730733,38.834398952534","639527753","R"
"f3f843bb1206142c","5251 College Drive, Dublin, VA, 24084-3660","Match","Non_Exact","5251 COLLEGE DR, DUBLIN, VA, 24084","-80.69661979324,37.1038395249","651318768","R"
"a723e9f0daf2b9f0","1 Avenue of the Arts, Newport News, VA, 23606","Match","Exact","1 AVE OF THE ARTS, NEWPORT NEWS, VA, 23606","-76.488306298635,37.059929035868","633020780","L"
"5be3273fb9d6f426","1912 Regulus Avenue, Virginia Beach, VA, 23461","Match","Exact","1912 REGULUS AVE, VIRGINIA BEACH, VA, 23461","-75.957393343833,36.776958598626","122272994","L"
"315e7620316a3a15","1100 Exploration Way, Hampton, VA, 23666","Match","Exact","1100 EXPLORATION WAY, HAMPTON, VA, 23666","-76.399762635728,37.08252074318","641046088","R"
"5f461de6807da98e","1971 University Blvd, Lynchburg, VA, 24515","Match","Non_Exact","1971 UNIVERSITY BLVD, LYNCHBURG, VA, 24502","-79.171366351955,37.357185438813","62737353","R"
"f3e47b6e766522a4","601 England Street, Ashland, VA, 23005","No_Match"
"b62c69d9b7f2e7ac","5555 Greenwich Rd, Virginia Beach, VA, 23462","Match","Exact","5555 GREENWICH RD, VIRGINIA BEACH, VA, 23462","-76.178192274034,36.843044883408","122301392","L"
"0a7497b7ebc44074","1000 College Drive, Clifton Forge, VA, 24422","No_Match"
"ce8671b087cae834","11282 Government Center Drive, Suite A, Orange, VA, 22960","No_Match"
"3a29d8dc6a5d91f1","8900 Freedom Center Boulevard, Manassas, VA, 20110","Match","Exact","8900 FREEDOM CENTER BLVD, MANASSAS, VA, 20110","-77.516520651329,38.761221850246","207162812","R"
"3a4a3f6e6f0440be","10163 General Mahone Highway, Wakefield, VA, 23888","Match","Exact","10163 GENERAL MAHONE HWY, WAKEFIELD, VA, 23888","-77.001826895949,36.980562098848","639271795","R"
"0deea46b9e7be192","6515 George Washington Memorial Highway, Suite 209, Yorktown, VA, 23692","Match","Exact","6515 GEORGE WASHINGTON MEMORIAL HWY, YORKTOWN, VA, 23692","-76.473818261701,37.171420748676","103793396","L"
"4179e0b18886d2db","752 Walker Road, Suite D, Great Falls, VA, 22066","Match","Non_Exact","752 WALKER RD, GREAT FALLS, VA, 22066","-77.288489742369,38.997317661412","75999117","R"
"278f4ef1f9672be0","1971 University Blvd, Lynchburg, VA, 24515","Match","Non_Exact","1971 UNIVERSITY BLVD, LYNCHBURG, VA, 24502","-79.171366351955,37.357185438813","62737353","R"
"061135bf5d2def1f","460 Herndon Parkway, Herndon, VA, 20170","Match","Exact","460 HERNDON PKWY, HERNDON, VA, 20170","-77.375843455738,38.957596073835","641105348","R"
"dff9d8cd2f2aff39","Newport News Park Radio Control Club Flying Field, Richneck Road, Newport News, VA, 23603","No_Match"
"4a2a5f34cecc3852","1460 University Dr, Winchester, VA, 22601-5195","Match","Non_Exact","1460 UNIVERSITY DR, WINCHESTER, VA, 22601","-78.159536016926,39.166098973377","55580119","R"
"67831c6df208f4f2","119 Taylor Street, Amherst, VA, 24521","Match","Exact","119 TAYLOR ST, AMHERST, VA, 24521","-79.04982741363,37.585554169049","159129581","R"
"def646775be4b0c0","4400 University Dr, Fairfax, VA, 22030-4444","Match","Non_Exact","4400 UNIVERSITY DR, FAIRFAX, VA, 22030","-77.304407730733,38.834398952534","639527753","R"
"d96f135ef3af4c4a","201 High St, Farmville, VA, 23909","Match","Exact","201 HIGH ST, FARMVILLE, VA, 23909","-78.394302154083,37.301562493685","73975307","L"
"6b7482806a2fe6b9","10 Patrick Henry Circle, Purcellville, VA, 20132","Match","Exact","10 PATRICK HENRY CIR, PURCELLVILLE, VA, 20132","-77.690080640361,39.138792816514","600591368","L"
"82b644084f0af2f4","782 New River Road NW, Suite 400, Christiansburg, VA, 24073","Match","Non_Exact","782 NEW RIVER RD, CHRISTIANSBURG, VA, 24073","-80.427915191576,37.167574479847","73646823","L"
"edc75d45e06cb87e","1221 East Broad Street, Richmond, VA, 23219","Match","Exact","1221 E BROAD ST, RICHMOND, VA, 23219","-77.431139271165,37.539013886389","201540684","R"
"4e20bc793f34fcf0","1402 Airport Road, Bridgewater, VA, 22812","Match","Exact","1402 AIRPORT RD, BRIDGEWATER, VA, 22812","-78.961347180898,38.363336694566","648561391","R"
"624f22208bbfb421","321 Hangar Road, Chase City, VA, 23924","Match","Exact","321 HANGAR RD, CHASE CITY, VA, 23924","-78.503609471184,36.790324406142","655921525","R"
"6a6546bf74c9d501","5115 Hampton Boulevard, Norfolk, VA, 23529","Match","Non_Exact","5115 HAMPTON BLVD, NORFOLK, VA, 23508","-76.303178916536,36.889279791848","639484367","L"
"2626d6c30562e611","1402 Airport Road, Bridgewater, VA, 22812-0007","Match","Non_Exact","1402 AIRPORT RD, BRIDGEWATER, VA, 22812","-78.961347180898,38.363336694566","648561391","R"
"1127ff7bd95ed902","1008 South Main Street, Danville, VA, 24541-4004","Match","Non_Exact","1008 S MAIN ST, DANVILLE, VA, 24541","-79.405140167976,36.566894194803","56590110","R"
"82fc75f27f237b1d","5115 Hampton Boulevard, Norfolk, VA, 23529","Match","Non_Exact","5115 HAMPTON BLVD, NORFOLK, VA, 23508","-76.303178916536,36.889279791848","639484367","L"
"1aa3ba680bd0a5c8","1964 Wakefield Street, Petersburg, VA, 23805","Match","Exact","1964 WAKEFIELD ST, PETERSBURG, VA, 23805","-77.384788219097,37.202566634331","54214354","R"
"f659daf09abc7213","1320 Northwest Boulevard, Chesapeake, VA, 23322","Match","Exact","1320 NORTHWEST BLVD, CHESAPEAKE, VA, 23322","-76.247057784931,36.566581542379","655922669","L"
"969514c2d5747ea7","130 Wedgewood Drive, Farmville, VA, 23901","Match","Exact","130 WEDGEWOOD DR, FARMVILLE, VA, 23901","-78.438948862346,37.351089227665","73708335","R"
"b36b595615a6d1ef","15000 Washington Street, Suite 100, Haymarket, VA, 20169","Match","Exact","15000 WASHINGTON ST, HAYMARKET, VA, 20169","-77.636347411291,38.812184206982","76503126","R"
"f7518083c6279ea8","4400 University Dr, Fairfax, VA, 22030-4444","Match","Non_Exact","4400 UNIVERSITY DR, FAIRFAX, VA, 22030","-77.304407730733,38.834398952534","639527753","R"
"d091b2b8ba2dcd22","116 West Beverley Street, Staunton, VA, 24401","Match","Exact","116 W BEVERLEY ST, STAUNTON, VA, 24401","-79.07389851951,38.149343237807","98814218","R"
"739cdbf1af5e7173","203A West Rock Road, Radford, VA, 24141","Match","Non_Exact","203A ROCK RD W, RADFORD, VA, 24141","-80.555552651402,37.117738764708","73651661","L"
"557e3336ee403a95","1114 Wheels Drive, Forest, VA, 24551","Match","Exact","1114 WHEELS DR, FOREST, VA, 24551","-79.337295833797,37.272748091634","62680108","R"
"2eb476fb0854b4bf","2807 N Glebe Rd, Arlington, VA, 22207-4299","Match","Non_Exact","2807 N GLEBE RD, ARLINGTON, VA, 22207","-77.128853345223,38.904498552697","638793500","L"
"1e879dd26582c0b2","3094 Colonial Ave, Roanoke, VA, 24015","Match","Non_Exact","3094 COLONIAL AVE SW, ROANOKE, VA, 24015","-79.97399092024,37.245687145901","657628529","L"
"1df219df0f2cf105","2 Langley Boulevard, Hampton, VA, 23681","Match","Exact","2 LANGLEY BLVD, HAMPTON, VA, 23681","-76.379752065248,37.091281885197","658061950","L"
"3364d835111903ce","800 Madison Street, Lynchburg, VA, 24504","Match","Exact","800 MADISON ST, LYNCHBURG, VA, 24504","-79.146594189528,37.413626477749","62626882","L"
"6119bd807fea7582","1428 Cedar Road, Chesapeake, VA, 23322","Match","Exact","1428 CEDAR RD, CHESAPEAKE, VA, 23322","-76.295519258416,36.724948450411","658141999","R"
"08b8f90915b8ec80","45449 Severn Way, Suite 169, Sterling, VA, 20166","Match","Non_Exact","45449 E SEVERN WAY, STERLING, VA, 20166","-77.426677294197,39.020679911927","649928152","R"
"94602a64c383486e","910 W Franklin St, Richmond, VA, 23284-2512","Match","Non_Exact","910 W FRANKLIN ST, RICHMOND, VA, 23220","-77.452752424707,37.549491901753","639273066","R"
"21cc81e3ee37fa0c","2371 Wilroy Road, Suffolk, VA, 23434","Match","Exact","2371 WILROY RD, SUFFOLK, VA, 23434","-76.539946534684,36.778694051224","655934507","L"
"c483100d6eb10898","319 Letcher Avenue, Lexington, VA, 24450","Match","Exact","319 LETCHER AVE, LEXINGTON, VA, 24450","-79.439647307086,37.788869696863","63117532","R"
"27878a1b44a737e4","5605 Patriot Drive, Wise, VA, 24293","No_Match"
"c492b0ddca4f2db8","1971 University Blvd, Lynchburg, VA, 24515","Match","Non_Exact","1971 UNIVERSITY BLVD, LYNCHBURG, VA, 24502","-79.171366351955,37.357185438813","62737353","R"
"899191e05bb26d10","1530 Gilbert Street, Norfolk, VA, 23511","Match","Exact","1530 GILBERT ST, NORFOLK, VA, 23511","-76.30266134869,36.948170660911","122138949","R"
"94431473ac095eb2","1827 University Avenue, Charlottesville, VA, 22903-2628","Match","Non_Exact","1827 UNIVERSITY AVE, CHARLOTTESVILLE, VA, 22903","-78.502685264855,38.036551813727","83405484","R"
"a3900ccb78c33653","700 Park Avenue, Norfolk, VA, 23504","Match","Exact","700 PARK AVE, NORFOLK, VA, 23504","-76.267976950166,36.849181783219","647854605","L"
"a291cf2012199fe9","405 Partnership Drive, Blacksburg, VA, 24060","No_Match"
"581d07ca708901ac","369 College Road US Rt. 19, 6 Miles S. Claypool Hill, Cedar Bluff, VA, 24609","Match","Non_Exact","369 COLLEGE HILL RD, CEDAR BLUFF, VA, 24609","-81.764538237239,37.090985125867","637497472","L"
"015685bfe623287a","NASA Langley Research Center, 1 NASA Drive, Hampton, VA, 23666","No_Match"
"02969fbdd8f3402d","801 East Main St., Radford, VA, 24142","Match","Exact","801 E MAIN ST, RADFORD, VA, 24142","-80.547221355358,37.138523720636","73614730","L"
"30897d62439d47f7","29316 Lankford Highway, Melfa, VA, 23410","Match","Exact","29316 LANKFORD HWY, MELFA, VA, 23410","-75.748516866806,37.641130879614","114600161","L"
"475fedae24483d26","2130 Germanna Hwy, Locust Grove, VA, 22508-2102","Match","Non_Exact","2130 GERMANNA HWY, LOCUST GROVE, VA, 22508","-77.778836563676,38.376444344181","29899265","L"
"3e33c5443ceb200b","1375 Greate Road, Gloucester Point, VA, 23062","Match","Exact","1375 GREATE RD, GLOUCESTER POINT, VA, 23062","-76.499999657544,37.249322774219","168201142","L"
"36138e73b856660e","213 Airport Lane, Crewe, VA, 23930","No_Match"
"6a147a529cf8b72d","1375 Greate Road, Gloucester Point, VA, 23062","Match","Exact","1375 GREATE RD, GLOUCESTER POINT, VA, 23062","-76.499999657544,37.249322774219","168201142","L"
"165cc10221a08ec8","600 Massie Road, Charlottesville, VA, 22903","Match","Exact","600 MASSIE RD, CHARLOTTESVILLE, VA, 22903","-78.509250708771,38.052040498472","649784980","L"
"f94fc6455af5d557","33446 Research Drive, Painter, VA, 23420","Match","Exact","33446 RESEARCH DR, PAINTER, VA, 23420","-75.820517165001,37.583499273478","114604818","L"
"50c8415e3e72c5d1","910 W Franklin St, Richmond, VA, 23284-2512","Match","Non_Exact","910 W FRANKLIN ST, RICHMOND, VA, 23220","-77.452752424707,37.549491901753","639273066","R"
"6bd177e62cf4be61","3380 Shannon Airport Circle, Fredericksburg, VA, 22408","Match","Exact","3380 SHANNON AIRPORT CIR, FREDERICKSBURG, VA, 22408","-77.447716266707,38.26895822963","632352338","R"
"ae57631e58d99758","221 College Lane, Salem, VA, 24153-3794","Match","Non_Exact","221 COLLEGE ALY, SALEM, VA, 24153","-80.056886555483,37.294741436046","62956191","L"
"866ba9e8ba5a1c77","355 Kentucky Springs Road, Bumpass, VA, 23234","Match","Non_Exact","355 KENTUCKY SPRINGS RD, BUMPASS, VA, 23024","-77.741938038312,37.969253615978","655379616","L"
"b9bed310278476a0","460 Stagecoach Road, Suite F, Charlottesville, VA, 22902","Match","Non_Exact","460 STAGECOACH RD, CHARLOTTESVILLE, VA, 22902","-78.515669278875,38.004790819689","83397752","L"
"7d696c63cd488bcb","100 Brooke Avenue, Norfolk, VA, 23510","Match","Exact","100 BROOKE AVE, NORFOLK, VA, 23510","-76.291218615644,36.848641534081","122127398","R"
"6d59ef69395888d7","6591 Merriman Road, Roanoke, VA, 24018","Match","Exact","6591 MERRIMAN RD, ROANOKE, VA, 24018","-79.999509570468,37.197351355419","62915052","R"
"95c963bc80692209","1991 Kraft Drive, Building 19, Blacksburg, VA, 24060","Match","Exact","1991 KRAFT DR, BLACKSBURG, VA, 24060","-80.409797522236,37.202048383282","73646941","R"
"97af39050973202a","200 West Grace Street, Richmond, VA, 23220","Match","Exact","200 W GRACE ST, RICHMOND, VA, 23220","-77.444540904868,37.545912566961","201539245","R"
"00d12eaf78d20c13","5817 Wesleyan Drive, Virginia Beach, VA, 23455","Match","Exact","5817 WESLEYAN DR, VIRGINIA BEACH, VA, 23455","-76.187621087494,36.873520967679","640223255","R"
"0b91c1f11a3b5ca5","95 Aviation Way, Fredericksburg, VA, 22406","Match","Exact","95 AVIATION WAY, FREDERICKSBURG, VA, 22406","-77.447610500109,38.397164393565","641116177","R"
"01816806b4f7ea83","210 Burruss Hall, 800 Drillfield Dr., Blacksburg, VA, 24061-0131","Match","Non_Exact","800 DRILLFIELD DR, BLACKSBURG, VA, 24061","-80.423203108961,37.22830481052","73616336","L"
"2648191abedc2663","335 Industrial Drive, Louisa, VA, 23093","Match","Exact","335 INDUSTRIAL DR, LOUISA, VA, 23093","-77.968612248445,38.012371133564","84941337","L"
"645de1eac4bef767","5925 Cove Road, Roanoke, VA, 24019","Match","Non_Exact","5925 COVE RD NW, ROANOKE, VA, 24019","-80.022068745099,37.321176423183","62929054","R"
"8e03ebf1cfe542ac","7685 Winchester Road, Front Royal, VA, 22630","Match","Exact","7685 WINCHESTER RD, FRONT ROYAL, VA, 22630","-78.180597550248,38.987049790104","159082705","R"
"29d2792743fd5bf8","304 Albemarle Drive, Chesapeake, VA, 23322","Match","Exact","304 ALBEMARLE DR, CHESAPEAKE, VA, 23322","-76.247113975215,36.717382793299","636651598","R"
"ee68f712ad784380","10517 Critzers Shop Road, Afton, VA, 22920","Match","Exact","10517 CRITZERS SHOP RD, AFTON, VA, 22920","-78.825996408597,38.002365187848","98902291","R"
"b1fede1a2d089d22","700 Gordon Avenue, Richmond, VA, 23224","Match","Exact","700 GORDON AVE, RICHMOND, VA, 23224","-77.431392341647,37.515421421973","201542928","L"
"ce0aa8380f10b41e","620 John Paul Jones Circle, Portsmouth, VA, 23708","Match","Exact","620 JOHN PAUL JONES CIR, PORTSMOUTH, VA, 23708","-76.305000666608,36.843389093371","641049568","L"
"d34756a36eb04858","20 Robertson Street, Radford, VA, 24141","Match","Exact","20 ROBERTSON ST, RADFORD, VA, 24141","-80.581692988411,37.131587623475","73651226","L"
"a901700785af97a1","5115 Hampton Boulevard, Norfolk, VA, 23529","Match","Non_Exact","5115 HAMPTON BLVD, NORFOLK, VA, 23508","-76.303178916536,36.889279791848","639484367","L"
"787531b407c8e865","210 Burruss Hall, 800 Drillfield Dr., Blacksburg, VA, 24061-0131","Match","Non_Exact","800 DRILLFIELD DR, BLACKSBURG, VA, 24061","-80.423203108961,37.22830481052","73616336","L"
"71fac3ea3d9b0d5d","109 Campus Drive, Alberta, VA, 23821","Match","Exact","109 CAMPUS DR, ALBERTA, VA, 23821","-77.917295967282,36.840374035502","649748473","R"
"7cb45a89d6421b0b","1008 S Main St, Danville, VA, 24541-4004","Match","Non_Exact","1008 S MAIN ST, DANVILLE, VA, 24541","-79.405140167976,36.566894194803","56590110","R"
"31240987fea77507","32470 John Beverly Rose Drive, Franklin, VA, 23851","Match","Exact","32470 JOHN BEVERLY ROSE DR, FRANKLIN, VA, 23851","-76.899503835774,36.695739886798","198627347","L"
"5f9654724766bc7a","10780 Courthouse Road, Charles City, VA, 23030","Match","Exact","10780 COURTHOUSE RD, CHARLES CITY, VA, 23030","-77.072764468861,37.34174983888","199505180","R"
"7430ba9385f2462f","6090 Strathmore Road, Richmond, VA, 23237","Match","Non_Exact","6090 STRATHMORE RD, RICHMOND, VA, 23234","-77.45166966234,37.443176989828","201547010","L"
"039344239f2bc6b4","1750 Tomcat Boulevard, Virginia Beach, VA, 23460","Match","Non_Exact","1750 TOMCAT BLVD, VIRGINIA BEACH, VA, 23451","-76.029021229413,36.814476740838","122270686","L"
"72d97008fce39e2a","127 Lee Highway, Verona, VA, 24482","Match","Exact","127 LEE HWY, VERONA, VA, 24482","-79.017976314134,38.194111801066","655644483","R"
"8b5cbc6ba1324439","1 College Road, Hampden-Sydney, VA, 23943","No_Match"
"30648c9385645390","1815 Seabee Road, Virginia Beach, VA, 23459","No_Match"
"9bffb472f09682bc","1000 E Main Street, Wytheville, VA, 24382-3308","Match","Non_Exact","1000 E MAIN ST, WYTHEVILLE, VA, 24382","-81.072898175144,36.95252220511","47643372","R"
"cbe7c934d3b777e1","111 Henley Place, Suffolk, VA, 23434","No_Match"
"d72f70ab1109661b","730 West 20th Street, Norfolk, VA, 23517","Match","Exact","730 W 20TH ST, NORFOLK, VA, 23517","-76.294824797443,36.869499450533","122122760","R"
"37633f2eddc4e956","501 College Drive, Charlottesville, VA, 22902","Match","Exact","501 COLLEGE DR, CHARLOTTESVILLE, VA, 22902","-78.481234763274,38.008654005764","648400263","L"
"241464be27da2965","2656 Lishelle Place, Virginia Beach, VA, 23452","Match","Exact","2656 LISHELLE PL, VIRGINIA BEACH, VA, 23452","-76.067653929264,36.812090803437","122306808","L"
"f87d8651f31e9362","30461 Garnand Drive, Emory, VA, 24327-0947","Match","Non_Exact","30461 GARNAND DR, EMORY, VA, 24327","-81.831472730388,36.771690184803","154376303","R"
"e5ee887d070b4093","Innovation Research Park I, 4111 Monarch Way, Suite 203, Norfolk, VA, 23529","No_Match"
"9152b7ee2dafbc96","87 Courthouse Lane, Rustburg, VA, 24588","Match","Exact","87 COURTHOUSE LN, RUSTBURG, VA, 24588","-79.102439895638,37.277460109593","657862502","R"
"72f2c4c78f85583b","3730 Blenheim Boulevard, Fairfax, VA, 22030","No_Match"
"422cb6e5fa7c3808","402 E College St, Bridgewater, VA, 22812-1599","Match","Non_Exact","402 E COLLEGE ST, BRIDGEWATER, VA, 22812","-78.970408749551,38.378104369194","655605749","R"
"02a594785495e91f","2 Langley Boulevard, Hampton, VA, 23681","Match","Exact","2 LANGLEY BLVD, HAMPTON, VA, 23681","-76.379752065248,37.091281885197","658061950","L"
"0e568c967ddf05e3","One Columbus Center, Suite 615, Virginia Beach, VA, 23464","Match","Non_Exact","1 COLUMBUS ST, VIRGINIA BEACH, VA, 23462","-76.131206764874,36.84088481813","641468902","R"
"e3b47ed92f322222","One College Lane, Weyers Cave, VA, 24486-0080","No_Match"
"bd8c152f73c7166c","3 Commercial Place, Suite 1320, Norfolk, VA, 23510","No_Match"
"c5c7bfde1c9c057c","1311 Bayville Street, Norfolk, VA, 23503","Match","Exact","1311 BAYVILLE ST, NORFOLK, VA, 23503","-76.288879912929,36.964814154332","655545253","L"
"7ef45e18e8c50cac","16 Murray Street, Hampton, VA, 23651","Match","Exact","16 MURRAY ST, HAMPTON, VA, 23651","-76.311615185094,37.00789637106","103806870","L"
"4a4a616fb9aa97cb","1000 Airport Road, Mattaponi, VA, 23110","Match","Exact","1000 AIRPORT RD, MATTAPONI, VA, 23110","-76.76281092466,37.523856352301","650180986","L"
"3bba840b51b6f199","801 East Main St., Radford, VA, 24142","Match","Exact","801 E MAIN ST, RADFORD, VA, 24142","-80.547221355358,37.138523720636","73614730","L"
"0e0b30a6e3ca9767","133 Runway Road, Gladys, VA, 24554","No_Match"
"9ffe3b07bb54b842","3000 College Avenue, Bluefield, VA, 24605","Match","Non_Exact","3000 S COLLEGE AVE, BLUEFIELD, VA, 24605","-81.242886199162,37.245952570761","47294292","L"
"3603b369177cdead","2500 Rivermont Ave, Lynchburg, VA, 24503-1555","Match","Non_Exact","2500 RIVERMONT AVE, LYNCHBURG, VA, 24503","-79.173489803628,37.436752600142","62738536","R"
"de7b2d69f4fe0539","1827 University Avenue, Charlottesville, VA, 22903-2628","Match","Non_Exact","1827 UNIVERSITY AVE, CHARLOTTESVILLE, VA, 22903","-78.502685264855,38.036551813727","83405484","R"
"96cade68d5f6e83b","313 East Broad Street, Richmond, VA, 23219","Match","Exact","313 E BROAD ST, RICHMOND, VA, 23219","-77.439186066821,37.543831598576","201540397","R"
"5ba685271bb32f8e","5115 Hampton Boulevard, Norfolk, VA, 23529","Match","Non_Exact","5115 HAMPTON BLVD, NORFOLK, VA, 23508","-76.303178916536,36.889279791848","639484367","L"
"105deb9716ff234a","95 Aviation Way, Fredericksburg, VA, 22406","Match","Exact","95 AVIATION WAY, FREDERICKSBURG, VA, 22406","-77.447610500109,38.397164393565","641116177","R"
"07cd2d927bc5def5","800 South Main Street, Harrisonburg, VA, 22807","Match","Non_Exact","800 S MAIN ST, HARRISONBURG, VA, 22801","-78.874120654287,38.441359656271","655276915","R"
"52a343291f293453","7499 Pine Stake Road, Culpeper, VA, 22701","Match","Exact","7499 PINE STAKE RD, CULPEPER, VA, 22701","-77.930442296431,38.30251982129","652105197","R"
"9b756d5408c54469","13101 Route 1, Chester, VA, 23831-5316","No_Match"
"f927e7de64be2a03","1400 North Uhle Street, Suite 300, Arlington, VA, 22201","Match","Exact","1400 N UHLE ST, ARLINGTON, VA, 22201","-77.084670274505,38.889613244778","645488128","L"
"c527d5ade9c94a76","501 Locust Avenue, Suite 100, Charlottesville, VA, 22902","Match","Exact","501 LOCUST AVE, CHARLOTTESVILLE, VA, 22902","-78.47093909022,38.032396207619","636649777","L"
"52d83420118eaf1d","120 Newsome Drive, Suite H, Yorktown, VA, 23692","Match","Non_Exact","120 NEWSOME DR, YORKTOWN, VA, 23692","-76.48053263729,37.185405384982","649824893","R"
"d5556ae6af55defc","700 Park Avenue, Norfolk, VA, 23504","Match","Exact","700 PARK AVE, NORFOLK, VA, 23504","-76.267976950166,36.849181783219","647854605","L"
"6edfcf6537accd0a","1301 College Ave, Fredericksburg, VA, 22401-5300","Match","Non_Exact","1301 COLLEGE AVE, FREDERICKSBURG, VA, 22401","-77.47350459469,38.29817634274","85005418","R"
"e7f223d8421a9852","160 Welcome Street NE, Christiansburg, VA, 24073","No_Match"
"4e618b8449564dd9","22 Enterprise Parkway, Suite 320, Hampton, VA, 23666","No_Match"
"544dc80e74d600e8","3441 Mountain Empire Road, Big Stone Gap, VA, 24219","Match","Exact","3441 MOUNTAIN EMPIRE RD, BIG STONE GAP, VA, 24219","-82.758604063994,36.856375997528","83466876","L"
"6b762b35ee659d96","530 Woodlake Circle, Suite 200, Chesapeake, VA, 23320","Match","Exact","530 WOODLAKE CIR, CHESAPEAKE, VA, 23320","-76.244976232138,36.780733398757","658142449","L"
"2d78da4edf7f9583","10001 Iron Bridge Road, Chesterfield, VA, 23832","No_Match"
"563321e23506674a","910 W Franklin St, Richmond, VA, 23284-2512","Match","Non_Exact","910 W FRANKLIN ST, RICHMOND, VA, 23220","-77.452752424707,37.549491901753","639273066","R"
"8680b8c307d8df31","9500 Sliding Hill Road, Ashland, VA, 23005","Match","Exact","9500 SLIDING HILL RD, ASHLAND, VA, 23005","-77.428481193601,37.701143370419","84983942","R"
"5600647b9ef152af","2058 Garfield Ave, Lynchburg, VA, 24501","No_Match"
"8ed7d56f413f5413","606 East Market Street, Charlottesville, VA, 22902","Match","Non_Exact","606 MARKET ST E, CHARLOTTESVILLE, VA, 22902","-78.477346910101,38.030296522729","83370786","R"
"61ac5cf59d50d780","4111 Monarch Way, Norfolk, VA, 23508","No_Match"
"e97c5f04fa2f2e34","1100 Exploration Way, Suite 302X, Hampton, VA, 23666","Match","Exact","1100 EXPLORATION WAY, HAMPTON, VA, 23666","-76.399762635728,37.08252074318","641046088","R"
"61928a0efbbdf14b","77 Aviation Circle, Weyers Cave, VA, 24486","No_Match"
"dc827d6a6e9b7608","675 North Randolph Street, Arlington, VA, 22203","Match","Exact","675 N RANDOLPH ST, ARLINGTON, VA, 22203","-77.109172790091,38.878800102213","76477301","R"
"fd3175ec70ee1ff2","59 River Road, New Market, VA, 22844","Match","Exact","59 RIVER RD, NEW MARKET, VA, 22844","-78.706649420907,38.651401003151","55958378","L"
"6674da9bd346cd2c","Aerospace Gateway at Mill Dam Road, Wallops Island, VA, 23337","No_Match"
"8f1e061006670530","1145 Tuck Airport Road, South Boston, VA, 24592","Match","Exact","1145 TUCK AIRPORT RD, SOUTH BOSTON, VA, 24592","-78.85080235299,36.708276370672","655928632","R"
"a7f6787eb70ef802","173 Skirmisher Lane, Middletown, VA, 22645","Match","Exact","173 SKIRMISHER LN, MIDDLETOWN, VA, 22645","-78.268944574716,39.03634196246","235746467","L"
"98c9634cbb9d84ae","803 Front Street, Norfolk, VA, 23510","Match","Exact","803 FRONT ST, NORFOLK, VA, 23510","-76.304776394213,36.855907383895","122127094","L"
"9d379ea97ff5f8c3","4332 Richmond Highway, Lynchburg, VA, 24501","Match","Exact","4332 RICHMOND HWY, LYNCHBURG, VA, 24501","-79.12226030209,37.379950559368","62740023","R"
"cea8545315eb253b","7857 Blandy Road, Suite 100, Norfolk, VA, 23551","Match","Exact","7857 BLANDY RD, NORFOLK, VA, 23551","-76.305047543717,36.924197191439","640867632","L"
"22b06c350781d58a","11827 Canon Boulevard, Suite 203, Newport News, VA, 23606","Match","Exact","11827 CANON BLVD, NEWPORT NEWS, VA, 23606","-76.470618545761,37.088150815083","103818380","L"
"fefbb624819f3cd0","210 Burruss Hall, 800 Drillfield Dr., Blacksburg, VA, 24061-0131","Match","Non_Exact","800 DRILLFIELD DR, BLACKSBURG, VA, 24061","-80.423203108961,37.22830481052","73616336","L"
"d19ff979d34bd765","1991 Kraft Drive, Building 19, Blacksburg, VA, 24060","Match","Exact","1991 KRAFT DR, BLACKSBURG, VA, 24060","-80.409797522236,37.202048383282","73646941","R"
"01abccae09778767","Fort Eustis, 705 Washington Boulevard, Newport News, VA, 23604","No_Match"
"04e7be5916373aa3","100 Bowen Loop, Charlottesville, VA, 22911","Match","Exact","100 BOWEN LOOP, CHARLOTTESVILLE, VA, 22911","-78.44739987648,38.137772189404","640852759","R"
"f50858ae58228dfe","1000 Virginia International Gateway Boulevard, Portsmouth, VA, 23703","No_Match"
"a297b3bdfe6374b8","737 Industrial Park Drive, Newport News, VA, 23608","Match","Exact","737 INDUSTRIAL PARK DR, NEWPORT NEWS, VA, 23608","-76.533490366831,37.169518386037","636654591","L"
"6b7db696131bfc96","14291 Park Meadow Drive, Suite 100, Chantilly, VA, 20151","Match","Exact","14291 PARK MEADOW DR, CHANTILLY, VA, 20151","-77.441846413656,38.875066749625","638146238","R"
"b42d4a39e2c70017","900 Natural Resources Drive, Suite 800, Charlottesville, VA, 22903","Match","Exact","900 NATURAL RESOURCES DR, CHARLOTTESVILLE, VA, 22903","-78.530654419426,38.022083800411","83379347","L"
"74e342e4165dd54c","1450 Aviation Road, Tappahannock, VA, 22560","Match","Exact","1450 AVIATION RD, TAPPAHANNOCK, VA, 22560","-76.903643571825,37.860991970822","657835744","L"
"8efac67ea29a2c76","2200 Cowan Boulevard, Fredericksburg, VA, 22401","No_Match"
"af7d8b3b2f394e68","2 Langley Boulevard, Hampton, VA, 23681","Match","Exact","2 LANGLEY BLVD, HAMPTON, VA, 23681","-76.379752065248,37.091281885197","658061950","L"
"f0a479a3be023745","33531 Chincoteague Road, Wallops Island, VA, 23337","Match","Exact","33531 CHINCOTEAGUE RD, WALLOPS ISLAND, VA, 23337","-75.487130595635,37.925329215402","114600388","R"
"a8a2249bab8dd3db","25th Street at Warwick Boulevard, Newport News, VA, 23607","Match","Exact","25TH ST & WARWICK BLVD, NEWPORT NEWS, VA, 23607","-76.426486003999,36.979291588914","",""
"40477fa2d841efe7","21 Enterprise Parkway, Suite 300, Hampton, VA, 23666","No_Match"
"511b90510fa297bf","431 Crawford Street, Portsmouth, VA, 23704","Match","Exact","431 CRAWFORD ST, PORTSMOUTH, VA, 23704","-76.297851256509,36.836892569846","122195226","L"
"b2de4b0320ac5908","305 Ashcake Road, Suite K, Ashland, VA, 23005","Match","Non_Exact","305 ASHCAKE RD, ASHLAND, VA, 23005","-77.469209189972,37.744906151118","84986514","R"
"9d97d1c6f2bc1e50","1100 Exploration Way, Suite 209, Hampton, VA, 23666","Match","Exact","1100 EXPLORATION WAY, HAMPTON, VA, 23666","-76.399762635728,37.08252074318","641046088","R"
"93486492216cb674","7140-B Farm Station Road, Warrenton, VA, 20187","No_Match"
"f83d901e744af04e","34 Research Drive, Hampton, VA, 23666","Match","Exact","34 RESEARCH DR, HAMPTON, VA, 23666","-76.392413226365,37.088771776796","103804925","R"
"7edf23cc73b87eae","4400 University Dr, Fairfax, VA, 22030-4444","Match","Non_Exact","4400 UNIVERSITY DR, FAIRFAX, VA, 22030","-77.304407730733,38.834398952534","639527753","R"
"50fc139635731372","9710 Jefferson Avenue, Newport News, VA, 23605","Match","Exact","9710 JEFFERSON AVE, NEWPORT NEWS, VA, 23605","-76.450613431542,37.029424812746","103823590","R"
"348a452191010299","1 Avenue of the Arts, Newport News, VA, 23606","Match","Exact","1 AVE OF THE ARTS, NEWPORT NEWS, VA, 23606","-76.488306298635,37.059929035868","633020780","L"
"8123ba58af96f2f2","15 East Market Street, Suite 615, Leesburg, VA, 20178","Match","Non_Exact","15 E MARKET ST, LEESBURG, VA, 20176","-77.564039034856,39.115250303208","652319760","L"
"fbc25d6f51d4c876","910 W Franklin St, Richmond, VA, 23284-2512","Match","Non_Exact","910 W FRANKLIN ST, RICHMOND, VA, 23220","-77.452752424707,37.549491901753","639273066","R"
"50259118f03b17b3","Visitor Control Center, Building S-507, 29 Carpenter Road, Fort Myer, VA, 22211","No_Match"
"9acdef16eff8f034","2000 Seaboard Avenue, Portsmouth, VA, 23707","Match","Exact","2000 SEABOARD AVE, PORTSMOUTH, VA, 23707","-76.324844345312,36.854496883626","122201089","L"
"17f994217c610932","6731 Mimms Loop, Chesterfield, VA, 23832","Match","Non_Exact","6731 MIMS LOOP, CHESTERFIELD, VA, 23832","-77.504126510278,37.377090920545","641695844","R"
"a3f42ae288bd3540","11301 Johnson Road, South Prince George, VA, 23805-7100","Match","Non_Exact","11301 JOHNSON RD, SOUTH PRINCE GEORGE, VA, 23805","-77.396697931379,37.152658887277","649936756","R"
"d585da6638593908","2601 Trade Street, Suite F, Chesapeake, VA, 23323","Match","Non_Exact","2601 TRADE ST, CHESAPEAKE, VA, 23323","-76.343694349529,36.763657854224","121769103","R"
"ebc49702e33839aa","1213 North Main Street, Blacksburg, VA, 24060","Match","Exact","1213 N MAIN ST, BLACKSBURG, VA, 24060","-80.418488377557,37.241413891702","658136488","L"
"7ad62022bc6bc8b7","1169 Edgewater Drive, Grundy, VA, 24614","Match","Exact","1169 EDGEWATER DR, GRUNDY, VA, 24614","-82.095876980705,37.277175440117","74080707","L"
"36c9a1f8a3d4121e","Baldwin Building, 191 Fayette Street, Martinsville, VA, 24112","Match","Non_Exact","191 FAYETTE ST, MARTINSVILLE, VA, 24112","-79.876456557689,36.693039206866","55512921","L"
"b85654702e266057","100 Marclay Road, Williamsburg, VA, 23185","Match","Non_Exact","100 MARCLAY DR, WILLIAMSBURG, VA, 23185","-76.718376925204,37.242172975386","103778400","R"
"594bfb64c664c90e","1100 Exploration Way, Suite 316M, Hampton, VA, 23666","Match","Exact","1100 EXPLORATION WAY, HAMPTON, VA, 23666","-76.399762635728,37.08252074318","641046088","R"
"98828b6ea0072472","610 A Street, Suite 150, Building SP-65, Norfolk, VA, 23511","Match","Non_Exact","610 A ST, NORFOLK, VA, 23511","-76.285396177514,36.943634739749","122146039","L"
"f9e5f8958aa2ebc3","2200 Cowan Boulevard, Fredericksburg, VA, 22401","No_Match"
"fd45a71820bf5a45","245 South 4th Street, Wytheville, VA, 24382","Match","Exact","245 S 4TH ST, WYTHEVILLE, VA, 24382","-81.083722222618,36.947249520057","47648990","L"
"a29e558e28080e31","2517 Squadron Court, Virginia Beach, VA, 23453","Match","Exact","2517 SQUADRON CT, VIRGINIA BEACH, VA, 23453","-76.060817950315,36.796936744984","641468256","L"
"85f969aae0c73cbd","9600 Godwin Drive, Manassas, VA, 20110","Match","Exact","9600 GODWIN DR, MANASSAS, VA, 20110","-77.51322304849,38.746370571743","657534375","R"
"2345f8e26448add2","3100 Clarendon Boulevard, Suite 1200, Arlington, VA, 22201","Match","Exact","3100 CLARENDON BLVD, ARLINGTON, VA, 22201","-77.094959358331,38.886914883971","76473577","L"
"52bb3bdc64660d2e","3094 Colonial Avenue, Roanoke, VA, 24015","Match","Non_Exact","3094 COLONIAL AVE SW, ROANOKE, VA, 24015","-79.97399092024,37.245687145901","657628529","L"
"f6ad27f737ef3571","115 Church Street, Madison, VA, 22727","Match","Exact","115 CHURCH ST, MADISON, VA, 22727","-78.257441134511,38.380193076892","639672731","R"
"b25f003bf38919f4","8223 Lee Highway, Rural Retreat, VA, 24368","Match","Exact","8223 LEE HWY, RURAL RETREAT, VA, 24368","-81.344145978047,36.893079959508","47187032","L"
"b4379e88c4edcb24","9950 Wakeman Drive, Manassas, VA, 20110","Match","Non_Exact","9950 WAKEMEN DR, MANASSAS, VA, 20110","-77.512033842008,38.728261351741","640940881","L"
"2993cb52b0dadf88","200 South Hopewell Street, Hopewell, VA, 23860","Match","Non_Exact","200 HOPEWELL ST, HOPEWELL, VA, 23860","-77.283966210683,37.304522045005","54150594","R"
"64badf48f08886ae","1101 Wilson Boulevard, Floor 6, Arlington, VA, 22209","Match","Exact","1101 WILSON BLVD, ARLINGTON, VA, 22209","-77.069545117193,38.894767383435","650093174","R"
"a04be1b84121077e","3 Commercial Place, Suite 1320, Norfolk, VA, 23510","No_Match"
"dbcbcf9e18f47ca8","12021 Sunset Hills Road, Reston, VA, 20190","Match","Exact","12021 SUNSET HILLS RD, RESTON, VA, 20190","-77.357264773531,38.955088499517","657853359","L"
"597b15e5a7185712","1495 Regional Airport Road, Brodnax, VA, 23920","Match","Exact","1495 REGIONAL AIRPORT RD, BRODNAX, VA, 23920","-78.050993097297,36.691494131522","640053260","L"
"4cd8cbae52d1db7d","111 South Street, 3rd Floor, Farmville, VA, 23901","Match","Exact","111 SOUTH ST, FARMVILLE, VA, 23901","-78.392144648837,37.300817755064","647633647","L"
"0c082d788efd7f6c","301 Centre Pointe Dr, Virginia Beach, VA, 23462","Match","Exact","301 CENTRE POINTE DR, VIRGINIA BEACH, VA, 23462","-76.138036438241,36.828543657965","655920698","R"
"f2df10270daa7b67","12010 Sunset Hills Road, Reston, VA, 20190","Match","Exact","12010 SUNSET HILLS RD, RESTON, VA, 20190","-77.356423279827,38.955450622328","657853564","R"
"2d36c4a0a496520a","800 South Main Street, Harrisonburg, VA, 22807","Match","Non_Exact","800 S MAIN ST, HARRISONBURG, VA, 22801","-78.874120654287,38.441359656271","655276915","R"
"b04bca00f445b46b","801 East Main Street, Radford, VA, 24142","Match","Exact","801 E MAIN ST, RADFORD, VA, 24142","-80.547221355358,37.138523720636","73614730","L"
"9f75de251ea9cb2d","210 Burruss Hall, 800 Drillfield Dr., Blacksburg, VA, 24061-0131","Match","Non_Exact","800 DRILLFIELD DR, BLACKSBURG, VA, 24061","-80.423203108961,37.22830481052","73616336","L"
"8aed1766021bc464","301 East Cork Street, Winchester, VA, 22601","Match","Exact","301 E CORK ST, WINCHESTER, VA, 22601","-78.161776901147,39.181078325782","55609663","L"
"4335a8fde9db2972","15501 Harrowgate Road, Chester, VA, 23831","Match","Exact","15501 HARROWGATE RD, CHESTER, VA, 23831","-77.427338266234,37.306144793322","201551277","L"
"0ee3ff23abb4a80d","6775 Beck-Chappell Drive, Petersburg, VA, 23803","No_Match"
"c8cbf18c96d67453","600 Corporate Drive, Stafford, VA, 22554","Match","Exact","600 CORPORATE DR, STAFFORD, VA, 22554","-77.366338866234,38.514916292536","654932662","R"
"5e534ee322f7b352","11301 Johnson Road, South Prince George, VA, 23805-7100","Match","Non_Exact","11301 JOHNSON RD, SOUTH PRINCE GEORGE, VA, 23805","-77.396697931379,37.152658887277","649936756","R"
"5d61126dee89657b","12099 Government Center Parkway, Fairfax, VA, 22035","Match","Exact","12099 GOVERNMENT CENTER PKWY, FAIRFAX, VA, 22035","-77.360811365081,38.857284231345","641085365","L"
"7149daa1348ab7c2","Visitor Control Center, 9500 Pohick Road, Building 1409, Fort Belvoir, VA, 22060","No_Match"
"1fac6743ed70b829","1 Richard E. Byrd Terminal Drive, Richmond, VA, 23250","Match","Exact","1 RICHARD E BYRD TERMINAL DR, RICHMOND, VA, 23250","-77.335967839944,37.51033273033","657045921","L"
"1059b19a9faee540","34200 Fulton Street, Wallops Island, VA, 23337","No_Match"
"8fb0f45c1c2b75b0","1 Maple Avenue, Portsmouth, VA, 23709","No_Match"
"6118a50b4a7f32df","29194 Parkway North, Melfa, VA, 23410","Match","Exact","29194 PARKWAY N, MELFA, VA, 23410","-75.759532765756,37.644312846138","114586119","L"
"df0f3a4106110e22","65 Plaza Street NE, Leesburg, VA, 20176","Match","Non_Exact","65 NE PLAZA ST, LEESBURG, VA, 20176","-77.547039234177,39.112433886596","655641963","L"
"60e9ff42a85c156a","5702 Gulfstream Road, Richmond, VA, 23250","Match","Exact","5702 GULFSTREAM RD, RICHMOND, VA, 23250","-77.332757995713,37.512142351403","106674081","R"
"be66423aee05d951","11710 Plaza America Drive, Suite 200, Reston, VA, 20190","Match","Exact","11710 PLAZA AMERICA DR, RESTON, VA, 20190","-77.347340485082,38.951362683752","641104945","L"
"2591cd7f592d065d","1375 Greate Road, Gloucester Point, VA, 23062","Match","Exact","1375 GREATE RD, GLOUCESTER POINT, VA, 23062","-76.499999657544,37.249322774219","168201142","L"
"692b03788f358a17","230 East Flight Line Road, Hampton, VA, 23665","Match","Exact","230 E FLIGHT LINE RD, HAMPTON, VA, 23665","-76.351483685016,37.079979106326","103807778","R"
"d73c4612180eeac3","101 North Main Street, Harrisonburg, VA, 22802","Match","Exact","101 N MAIN ST, HARRISONBURG, VA, 22802","-78.868385432096,38.450481374136","55712931","L"
"796740ccf9d310dd","9507 Lyndonway Drive, Richmond, VA, 23229","Match","Exact","9507 LYNDONWAY DR, RICHMOND, VA, 23229","-77.574379572753,37.615098248223","106643032","L"
"3e39fd7acaed5f50","13870 Taylorstown Road, Leesburg, VA, 20176","Match","Exact","13870 TAYLORSTOWN RD, LEESBURG, VA, 20176","-77.551346725301,39.231209453156","62352110","R"
"b51894b28f906df1","1 Avenue of the Arts, Newport News, VA, 23606","Match","Exact","1 AVE OF THE ARTS, NEWPORT NEWS, VA, 23606","-76.488306298635,37.059929035868","633020780","L"
"e5693dcccc03f775","650 Chautauqua Avenue, Portsmouth, VA, 23707","Match","Exact","650 CHAUTAUQUA AVE, PORTSMOUTH, VA, 23707","-76.332592626649,36.843528573179","122199460","R"
